163,220,1,2024.8,-6.1425,1.9506,0,-1,NaN,NaN,NaN,NaN,NaN,NaN,NaN,0
210,220,1,2364.9,-6.2643,0.42097,0,-1,315,1,1578.6,6.3953,4.916,0,-1,0
211,220,1,2365,-6.2643,0.42052,0,0.24584,315,1,1578.7,6.399,4.9172,0,0.13723,0
212,220,1,2365.1,-6.2643,0.42007,0,0.16625,315,1,1578.8,6.4027,4.9184,0,0.0771,0
213,220,1,2365.2,23.77,-2.0226,0,0.16625,315,1,1578.9,23.838,-0.89769,0,0.0771,0
214,220,1,2365.3,23.795,-2.0098,0,0.19181,315,1,1579,23.861,-0.89958,0,0.10222,0
215,220,1,2365.4,23.773,-2.0187,0,0.17998,315,1,1579.1,23.874,-0.9132,0,0.13378,0
216,220,1,2365.5,23.781,-2.0008,0,0.2091,315,1,1579.2,23.855,-0.91533,0,0.10732,0
217,220,1,2365.6,23.787,-1.9884,0,0.20569,315,1,1579.3,23.869,-0.92023,0,0.13566,0
218,220,1,2365.7,23.811,-1.9121,0,0.12107,315,1,1579.4,23.862,-0.92428,0,0.13928,0
219,220,1,2365.8,23.842,-1.8661,0,0.08579,315,1,1579.5,23.841,-0.93191,0,0.13767,0
220,220,1,2365.9,23.864,-1.8133,0,0.13753,315,1,1579.6,23.851,-0.93837,0,0.097267,0
221,220,1,2366,23.852,-1.8569,0,0.1948,315,1,1579.7,23.83,-0.92079,0,0.10918,0
222,220,1,2366.1,23.842,-1.8897,0,0.20482,315,1,1579.8,23.815,-0.8979,0,0.11947,0
223,220,1,2366.2,23.842,-1.8711,0,0.17008,315,1,1579.9,23.835,-0.90197,0,0.11979,0
224,220,1,2366.3,23.814,-1.8992,0,0.19359,315,1,1580,23.819,-0.8961,0,0.12166,0
225,220,1,2366.4,23.804,-1.9027,0,0.18197,315,1,1580.1,23.788,-0.89461,0,0.10167,0
226,220,1,2366.5,23.801,-1.9033,0,0.1923,315,1,1580.2,23.817,-0.89721,0,0.13199,0
227,220,1,2366.6,23.807,-1.8983,0,0.19382,315,1,1580.3,23.831,-0.90269,0,0.16321,0
228,220,1,2366.7,23.814,-1.8942,0,0.20847,315,1,1580.4,23.836,-0.92716,0,0.12291,0
229,220,1,2366.8,23.836,-1.8883,0,0.22207,315,1,1580.5,23.837,-0.91847,0,0.090239,0
230,220,1,2366.9,23.858,-1.8713,0,0.28173,315,1,1580.6,23.794,-0.90805,0,0.13369,0
231,220,1,2367,23.87,-1.8752,0,0.21348,315,1,1580.7,23.793,-0.8858,0,0.1368,0
232,220,1,2367.1,23.864,-1.9068,0,0.2285,315,1,1580.8,23.816,-0.91664,0,0.21837,0
233,220,1,2367.2,23.877,-1.8923,0,0.12895,315,1,1580.9,23.764,-0.91489,0,0.12102,0
234,220,1,2367.3,23.865,-1.9167,0,0.15848,315,1,1581,23.755,-0.92715,0,0.14132,0
235,220,1,2367.4,23.825,-1.9731,0,0.19652,315,1,1581.1,23.731,-0.92177,0,0.15584,0
236,220,1,2367.5,23.751,-1.9848,0,0.17074,315,1,1581.2,23.692,-0.9229,0,0.094904,0
237,220,1,2367.6,23.692,-1.9891,0,0.16602,315,1,1581.3,23.643,-0.9169,0,0.14679,0
238,220,1,2367.7,23.628,-1.9329,0,0.15707,315,1,1581.4,23.55,-0.89219,0,0.11095,0
239,220,1,2367.8,23.549,-1.9087,0,0.10531,315,1,1581.5,23.452,-0.88332,0,0.091705,0
240,220,1,2367.9,23.445,-1.8806,0,0.077191,315,1,1581.6,23.366,-0.88133,0,0.11418,0
241,220,1,2368,23.303,-1.9491,0,0.17797,315,1,1581.7,23.29,-0.88313,0,0.095741,0
242,220,1,2368.1,23.192,-1.9431,0,0.056639,315,1,1581.8,23.16,-0.88256,0,0.14655,0
243,220,1,2368.2,23.07,-1.9492,0,0.062197,315,1,1581.9,23.034,-0.86555,0,0.11101,0
244,220,1,2368.3,23.001,-1.9126,0,0.13438,315,1,1582,22.901,-0.86134,0,0.14699,0
245,220,1,2368.4,22.888,-1.9003,0,0.037401,315,1,1582.1,22.776,-0.86996,0,0.10768,0
246,220,1,2368.5,22.765,-1.8977,0,0.069497,315,1,1582.2,22.658,-0.88069,0,0.12842,0
247,220,1,2368.6,22.562,-1.9701,0,0.37281,315,1,1582.3,22.539,-0.86061,0,0.14801,0
248,220,1,2368.7,22.474,-1.9258,0,0.074401,315,1,1582.4,22.435,-0.86512,0,0.11817,0
249,220,1,2368.8,22.34,-1.9484,0,0.16156,315,1,1582.5,22.331,-0.88449,0,0.13911,0
250,220,1,2368.9,22.189,-1.9719,0,0.064189,315,1,1582.6,22.192,-0.90181,0,0.12511,0
251,220,1,2369,22.049,-2.0023,0,0.077669,315,1,1582.7,22.054,-0.89399,0,0.16113,0
252,220,1,2369.1,21.841,-2.0035,0,0.25858,315,1,1582.8,21.914,-0.88976,0,0.16698,0
253,220,1,2369.2,21.738,-1.998,0,0.092772,315,1,1582.9,21.767,-0.87386,0,0.12808,0
254,220,1,2369.3,21.617,-2,0,0.070495,315,1,1583,21.624,-0.87904,0,0.1382,0
255,220,1,2369.4,21.489,-1.9803,0,0.047661,315,1,1583.1,21.498,-0.88968,0,0.12319,0
0,220,1,2369.5,21.372,-1.9924,0,0.19563,315,1,1583.2,21.355,-0.90906,0,0.095759,0
1,220,1,2369.6,21.206,-1.9974,0,0.16527,315,1,1583.3,21.214,-0.91398,0,0.16067,0
2,220,1,2369.7,21.113,-1.9971,0,0.22262,315,1,1583.4,21.073,-0.91725,0,0.13602,0
3,220,1,2369.8,20.979,-1.9779,0,0.028923,315,1,1583.5,20.929,-0.9083,0,0.15252,0
4,220,1,2369.9,20.8,-1.9811,0,0.12434,315,1,1583.6,20.783,-0.91147,0,0.15176,0
5,220,1,2370,20.674,-1.9712,0,0.098438,315,1,1583.7,20.665,-0.89639,0,0.12338,0
6,220,1,2370.1,20.544,-1.9683,0,0.087223,315,1,1583.8,20.526,-0.88681,0,0.10736,0
7,220,1,2370.2,20.389,-1.9614,0,0.10535,315,1,1583.9,20.38,-0.90648,0,0.10512,0
8,220,1,2370.3,20.273,-1.9591,0,0.19012,315,1,1584,20.26,-0.89384,0,0.20199,0
9,220,1,2370.4,20.128,-1.9967,0,0.094272,315,1,1584.1,20.09,-0.88731,0,0.13142,0
10,220,1,2370.5,19.995,-2.0082,0,0.17619,315,1,1584.2,19.931,-0.88873,0,0.098068,0
11,220,1,2370.6,19.855,-2.0348,0,0.1841,315,1,1584.3,19.783,-0.86883,0,0.1048,0
12,220,1,2370.7,19.729,-2.0225,0,0.16021,315,1,1584.4,19.597,-0.88854,0,0.18717,0
13,220,1,2370.8,19.589,-2.001,0,0.1922,315,1,1584.5,19.451,-0.88088,0,0.10831,0
14,220,1,2370.9,19.49,-2.0121,0,0.1521,315,1,1584.6,19.33,-0.90417,0,0.10147,0
15,220,1,2371,19.341,-2.0098,0,0.1021,315,1,1584.7,19.194,-0.92495,0,0.085493,0
16,220,1,2371.1,19.15,-2.0159,0,0.16597,315,1,1584.8,19.032,-0.90264,0,0.10316,0
17,220,1,2371.2,19.025,-2.031,0,0.13927,315,1,1584.9,18.84,-0.88072,0,0.25295,0
18,220,1,2371.3,18.883,-2.0151,0,0.15546,315,1,1585,18.703,-0.86248,0,0.13148,0
19,220,1,2371.4,18.763,-2.0189,0,0.15232,315,1,1585.1,18.595,-0.85671,0,0.13441,0
20,220,1,2371.5,18.607,-2.0199,0,0.13721,315,1,1585.2,18.48,-0.86207,0,0.16076,0
21,220,1,2371.6,18.466,-1.9916,0,0.18896,315,1,1585.3,18.373,-0.87627,0,0.15353,0
22,220,1,2371.7,18.329,-1.9969,0,0.20733,315,1,1585.4,18.26,-0.86099,0,0.13191,0
23,220,1,2371.8,18.166,-1.9847,0,0.2363,315,1,1585.5,18.135,-0.84277,0,0.13101,0
24,220,1,2371.9,18.025,-1.993,0,0.13855,315,1,1585.6,18.02,-0.8605,0,0.1376,0
25,220,1,2372,17.871,-1.9975,0,0.099969,315,1,1585.7,17.893,-0.86795,0,0.11243,0
26,220,1,2372.1,17.71,-2.0095,0,0.11388,315,1,1585.8,17.767,-0.87745,0,0.12037,0
27,220,1,2372.2,17.549,-2.0177,0,0.14519,315,1,1585.9,17.642,-0.88213,0,0.10171,0
28,220,1,2372.3,17.405,-2.0109,0,0.10779,315,1,1586,17.492,-0.88031,0,0.089079,0
29,220,1,2372.4,17.301,-1.999,0,0.17273,315,1,1586.1,17.357,-0.8665,0,0.1289,0
30,220,1,2372.5,17.159,-2.0116,0,0.092593,315,1,1586.2,17.235,-0.88938,0,0.11941,0
31,220,1,2372.6,17.083,-1.9374,0,0.34938,315,1,1586.3,17.101,-0.90444,0,0.10101,0
32,220,1,2372.7,16.934,-1.9758,0,0.15512,315,1,1586.4,16.934,-0.89581,0,0.1294,0
33,220,1,2372.8,16.797,-2.0056,0,0.14803,315,1,1586.5,16.79,-0.9182,0,0.1303,0
34,220,1,2372.9,16.658,-2.0246,0,0.13531,315,1,1586.6,16.669,-0.96046,0,0.096401,0
35,220,1,2373,16.546,-2.0316,0,0.16339,315,1,1586.7,16.537,-0.96052,0,0.06711,0
36,220,1,2373.1,16.406,-2.0461,0,0.10265,315,1,1586.8,16.403,-0.93884,0,0.09526,0
37,220,1,2373.2,16.255,-2.0547,0,0.11999,315,1,1586.9,16.27,-0.94006,0,0.084114,0
38,220,1,2373.3,16.12,-2.0316,0,0.041158,315,1,1587,16.133,-0.94272,0,0.10897,0
39,220,1,2373.4,15.996,-2.0303,0,0.11635,315,1,1587.1,15.995,-0.92749,0,0.057602,0
40,220,1,2373.5,15.871,-2.054,0,0.11753,315,1,1587.2,15.842,-0.91016,0,0.078422,0
41,220,1,2373.6,15.724,-2.044,0,0.12273,315,1,1587.3,15.686,-0.93373,0,0.13554,0
42,220,1,2373.7,15.586,-2.0474,0,0.13245,315,1,1587.4,15.525,-0.92739,0,0.054938,0
43,220,1,2373.8,15.415,-2.0591,0,0.082258,315,1,1587.5,15.367,-0.90969,0,0.13993,0
44,220,1,2373.9,15.279,-2.0547,0,0.1266,315,1,1587.6,15.224,-0.89768,0,0.10051,0
45,220,1,2374,15.146,-2.0695,0,0.13786,315,1,1587.7,15.09,-0.88667,0,0.14971,0
46,220,1,2374.1,14.983,-2.0797,0,0.095344,315,1,1587.8,14.959,-0.9113,0,0.077021,0
47,220,1,2374.2,14.818,-2.0798,0,0.084969,315,1,1587.9,14.804,-0.91053,0,0.12536,0
48,220,1,2374.3,14.691,-2.0774,0,0.11718,315,1,1588,14.668,-0.90552,0,0.15933,0
49,220,1,2374.4,14.555,-2.0681,0,0.097555,315,1,1588.1,14.501,-0.89238,0,0.079023,0
50,220,1,2374.5,14.423,-2.0202,0,0.10674,315,1,1588.2,14.367,-0.87248,0,0.075182,0
51,220,1,2374.6,14.295,-2.0311,0,0.11128,315,1,1588.3,14.23,-0.8631,0,0.1319,0
52,220,1,2374.7,14.162,-2.0353,0,0.10489,315,1,1588.4,14.083,-0.86916,0,0.066305,0
53,220,1,2374.8,13.997,-2.0376,0,0.20066,315,1,1588.5,13.936,-0.86932,0,0.10461,0
54,220,1,2374.9,13.866,-2.0433,0,0.095238,315,1,1588.6,13.801,-0.86262,0,0.094512,0
55,220,1,2375,13.721,-2.0357,0,0.11411,315,1,1588.7,13.663,-0.8564,0,0.16395,0
56,220,1,2375.1,13.597,-2.026,0,0.086408,315,1,1588.8,13.53,-0.89912,0,0.076205,0
57,220,1,2375.2,13.46,-1.9865,0,0.16038,315,1,1588.9,13.379,-0.90826,0,0.11218,0
58,220,1,2375.3,13.317,-1.9795,0,0.10513,315,1,1589,13.23,-0.90484,0,0.11054,0
59,220,1,2375.4,13.158,-2.0141,0,0.16481,315,1,1589.1,13.092,-0.90534,0,0.26653,0
60,220,1,2375.5,12.993,-2.0235,0,0.10726,315,1,1589.2,12.94,-0.88625,0,0.093737,0
61,220,1,2375.7,12.869,-2.0173,0,0.086831,315,1,1589.3,12.816,-0.89774,0,0.15282,0
62,220,1,2375.8,12.765,-2.0298,0,0.087581,315,1,1589.4,12.678,-0.89831,0,0.1576,0
63,220,1,2375.9,12.634,-2.0145,0,0.090063,315,1,1589.5,12.548,-0.8821,0,0.069855,0
64,220,1,2376,12.495,-2.0116,0,0.10696,315,1,1589.6,12.406,-0.8965,0,0.10223,0
65,220,1,2376.1,12.338,-2.0106,0,0.10562,315,1,1589.7,12.267,-0.91085,0,0.061292,0
66,220,1,2376.2,12.202,-2.0223,0,0.098947,315,1,1589.8,12.113,-0.8924,0,0.061063,0
67,220,1,2376.3,12.068,-2.0206,0,0.12811,315,1,1589.9,11.982,-0.9036,0,0.11123,0
68,220,1,2376.4,11.914,-1.9118,0,0.39835,315,1,1590,11.848,-0.88822,0,0.099568,0
69,220,1,2376.5,11.755,-1.9517,0,0.14898,315,1,1590.1,11.712,-0.88234,0,0.14121,0
70,220,1,2376.6,11.634,-1.9335,0,0.11097,315,1,1590.2,11.576,-0.88526,0,0.071667,0
71,220,1,2376.7,11.482,-1.9628,0,0.24401,315,1,1590.3,11.436,-0.8691,0,0.090947,0
72,220,1,2376.8,11.411,-1.9118,0,0.34988,315,1,1590.4,11.286,-0.8316,0,0.067735,0
73,220,1,2376.9,11.256,-1.9447,0,0.12727,315,1,1590.6,11.151,-0.84244,0,0.088485,0
74,220,1,2377,11.089,-2.0014,0,0.27847,315,1,1590.7,11,-0.84165,0,0.092516,0
75,220,1,2377.1,10.948,-1.9794,0,0.14131,315,1,1590.8,10.818,-0.83232,0,0.090221,0
76,220,1,2377.2,10.803,-2.0203,0,0.080088,315,1,1590.9,10.684,-0.85451,0,0.14448,0
77,220,1,2377.3,10.64,-2.0119,0,0.1695,315,1,1591,10.58,-0.8765,0,0.084283,0
78,220,1,2377.4,10.478,-2.0008,0,0.18046,315,1,1591.1,10.463,-0.79675,0,0.35681,0
79,220,1,2377.5,10.293,-1.9924,0,0.16171,315,1,1591.2,10.331,-0.79239,0,0.09187,0
80,220,1,2377.6,10.159,-1.9597,0,0.14852,315,1,1591.3,10.168,-0.77978,0,0.12624,0
81,220,1,2377.7,10.018,-1.9458,0,0.099271,315,1,1591.4,10.025,-0.79745,0,0.10023,0
82,220,1,2377.8,9.8879,-1.9425,0,0.11714,315,1,1591.5,9.8962,-0.82373,0,0.05561,0
83,220,1,2377.9,9.7474,-1.9487,0,0.11431,315,1,1591.6,9.7459,-0.836,0,0.10926,0
84,220,1,2378,9.5939,-1.9541,0,0.12306,315,1,1591.7,9.5662,-0.80205,0,0.08444,0
85,220,1,2378.1,9.4526,-1.9858,0,0.19993,315,1,1591.8,9.4222,-0.81052,0,0.090647,0
86,220,1,2378.2,9.2834,-2.0449,0,0.32608,315,1,1591.9,9.2766,-0.81411,0,0.13477,0
87,220,1,2378.3,9.2115,-2.0266,0,0.080906,315,1,1592,9.1547,-0.82104,0,0.1075,0
88,220,1,2378.4,9.0754,-2.0313,0,0.10752,315,1,1592.1,9.0324,-0.85772,0,0.069322,0
89,220,1,2378.5,8.9606,-2.0211,0,0.10289,315,1,1592.2,8.9074,-0.87939,0,0.2618,0
90,220,1,2378.6,8.8241,-2.0058,0,0.148,315,1,1592.3,8.7568,-0.92238,0,0.16103,0
91,220,1,2378.7,8.7048,-1.9407,0,0.18119,315,1,1592.4,8.5965,-0.88379,0,0.19388,0
92,220,1,2378.8,8.5708,-1.9442,0,0.13086,315,1,1592.5,8.4708,-0.91963,0,0.21902,0
93,220,1,2378.9,8.3984,-1.9974,0,0.26231,315,1,1592.6,8.347,-0.92358,0,0.10279,0
94,220,1,2379,8.2227,-2.0256,0,0.23189,315,1,1592.7,8.1967,-0.8737,0,0.067615,0
95,220,1,2379.1,8.0807,-2.0437,0,0.22086,315,1,1592.8,8.0841,-0.91835,0,0.34749,0
96,220,1,2379.2,7.9384,-2.0796,0,0.20484,315,1,1592.9,7.9169,-0.90035,0,0.077493,0
97,220,1,2379.3,7.7747,-2.0894,0,0.22667,315,1,1593,7.782,-0.89478,0,0.028257,0
98,220,1,2379.4,7.6566,-2.036,0,0.14209,315,1,1593.1,7.6534,-0.90541,0,0.25635,0
99,220,1,2379.5,7.5106,-2.025,0,0.1453,315,1,1593.2,7.4932,-0.88035,0,0.19947,0
100,220,1,2379.6,7.3377,-2.0237,0,0.28213,315,1,1593.3,7.3297,-0.86746,0,0.085813,0
101,220,1,2379.7,7.2624,-2.0303,0,0.28789,315,1,1593.4,7.1806,-0.83319,0,0.044019,0
102,220,1,2379.8,7.0811,-2.0271,0,0.31353,315,1,1593.5,7.0607,-0.81399,0,0.076661,0
103,220,1,2379.9,6.9576,-1.9738,0,0.16966,315,1,1593.6,6.9058,-0.80149,0,0.072373,0
104,220,1,2380,6.7836,-2.0363,0,0.27394,315,1,1593.7,6.7451,-0.81877,0,0.091779,0
105,220,1,2380.1,6.63,-2.0435,0,0.23273,315,1,1593.8,6.5965,-0.80325,0,0.086629,0
106,220,1,2380.2,6.4833,-2.0269,0,0.29211,315,1,1593.9,6.4834,-0.87666,0,0.32235,0
107,220,1,2380.3,6.3509,-2.0476,0,0.21602,315,1,1594,6.3311,-0.89454,0,0.09352,0
108,220,1,2380.4,6.1997,-2.038,0,0.25874,315,1,1594.1,6.1989,-0.88221,0,0.052134,0
109,220,1,2380.5,6.0253,-2.024,0,0.25506,315,1,1594.2,6.0708,-0.85918,0,0.12307,0
110,220,1,2380.6,5.8868,-2.0355,0,0.24284,315,1,1594.3,5.9284,-0.86274,0,0.069498,0
111,220,1,2380.7,5.7378,-2.0026,0,0.20188,315,1,1594.4,5.7993,-0.82624,0,0.11107,0
112,220,1,2380.8,5.5943,-2.0134,0,0.32587,315,1,1594.5,5.6607,-0.83378,0,0.13737,0
113,220,1,2380.9,5.5314,-1.9757,0,0.15151,315,1,1594.6,5.5394,-0.81054,0,0.08507,0
114,220,1,2381,5.421,-1.9658,0,0.26878,315,1,1594.7,5.4154,-0.79843,0,0.071562,0
115,220,1,2381.1,5.252,-2.0224,0,0.34142,315,1,1594.8,5.2683,-0.76569,0,0.078944,0
116,220,1,2381.2,5.1273,-2.0127,0,0.17205,315,1,1594.9,5.1218,-0.77102,0,0.074418,0
117,220,1,2381.3,5.045,-2.0028,0,0.23376,315,1,1595,4.9994,-0.78247,0,0.08529,0
118,220,1,2381.4,4.8866,-2.0167,0,0.29042,315,1,1595.1,4.8652,-0.75933,0,0.14277,0
119,220,1,2381.5,4.7536,-2.0065,0,0.25193,315,1,1595.2,4.7219,-0.77529,0,0.06026,0
120,220,1,2381.6,4.6187,-2.0103,0,0.2854,315,1,1595.3,4.6044,-0.76962,0,0.10467,0
121,220,1,2381.7,4.4385,-2.0058,0,0.21075,315,1,1595.4,4.4665,-0.77243,0,0.08279,0
122,220,1,2381.8,4.2914,-1.9912,0,0.10596,315,1,1595.5,4.3424,-0.79894,0,0.089202,0
123,220,1,2381.9,4.1297,-2.0055,0,0.29648,315,1,1595.6,4.2025,-0.79333,0,0.08631,0
124,220,1,2382,4.0286,-2.0235,0,0.30549,315,1,1595.7,4.0647,-0.80076,0,0.060218,0
125,220,1,2382.1,3.8792,-2.0351,0,0.26161,315,1,1595.8,3.9304,-0.78906,0,0.067122,0
126,220,1,2382.2,3.7607,-2.0563,0,0.21051,315,1,1595.9,3.7581,-0.80656,0,0.10017,0
127,220,1,2382.3,3.6099,-2.0575,0,0.20153,315,1,1596,3.5887,-0.81429,0,0.096902,0
128,220,1,2382.4,3.511,-2.0302,0,0.17309,315,1,1596.1,3.4453,-0.81963,0,0.11605,0
129,220,1,2382.5,3.3645,-2.0376,0,0.27951,315,1,1596.2,3.3073,-0.83699,0,0.11978,0
130,220,1,2382.6,3.2267,-2.0358,0,0.14543,315,1,1596.3,3.1657,-0.83517,0,0.084146,0
131,220,1,2382.7,3.1107,-2.0608,0,0.3098,315,1,1596.4,3.017,-0.83316,0,0.045054,0
132,220,1,2382.8,2.9615,-2.025,0,0.25139,315,1,1596.5,2.9177,-0.82315,0,0.13722,0
133,220,1,2382.9,2.8633,-2.0119,0,0.20784,315,1,1596.6,2.7917,-0.82469,0,0.066394,0
134,220,1,2383,2.7066,-2.042,0,0.2576,315,1,1596.7,2.6541,-0.84502,0,0.13177,0
135,220,1,2383.1,2.5753,-2.0284,0,0.25375,315,1,1596.8,2.5224,-0.85408,0,0.10391,0
136,220,1,2383.2,2.4344,-2.0663,0,0.32386,315,1,1596.9,2.3992,-0.84918,0,0.025071,0
137,220,1,2383.3,2.2573,-2.0696,0,0.32313,315,1,1597,2.2695,-0.87499,0,0.13761,0
138,220,1,2383.4,2.1471,-2.0725,0,0.41676,315,1,1597.1,2.1299,-0.91307,0,0.14297,0
139,220,1,2383.5,2.011,-2.0554,0,0.32086,315,1,1597.2,2.0014,-0.90477,0,0.1197,0
140,220,1,2383.6,1.7774,-2.0757,0,0.42031,315,1,1597.3,1.8791,-0.88422,0,0.1523,0
141,220,1,2383.7,1.7318,-1.9959,0,0.35951,315,1,1597.4,1.7337,-0.87961,0,0.13417,0
142,220,1,2383.8,1.5827,-2.0175,0,0.36183,315,1,1597.5,1.5951,-0.85238,0,0.12564,0
143,220,1,2383.9,1.4276,-2.0093,0,0.29592,315,1,1597.6,1.447,-0.81656,0,0.14783,0
144,220,1,2384,1.3026,-2.0169,0,0.19601,315,1,1597.7,1.3015,-0.8165,0,0.17075,0
145,220,1,2384.1,1.2121,-2.0122,0,0.25076,315,1,1597.8,1.1405,-0.8231,0,0.16499,0
146,220,1,2384.2,1.1352,-2.047,0,0.19616,315,1,1597.9,0.98688,-0.83536,0,0.11409,0
147,220,1,2384.3,1.0409,-2.0698,0,0.18437,315,1,1598,0.80685,-0.85299,0,0.097788,0
148,220,1,2384.4,0.91355,-2.0622,0,0.17693,315,1,1598.1,0.6697,-0.86085,0,0.060725,0
149,220,1,2384.5,0.78087,-2.066,0,0.16868,315,1,1598.2,0.49065,-0.84148,0,0.23428,0
150,220,1,2384.6,0.69648,-2.0711,0,0.20096,315,1,1598.3,0.36381,-0.80063,0,0.39709,0
151,220,1,2384.7,0.56909,-2.0838,0,0.21959,315,1,1598.4,0.22358,-0.811,0,0.11828,0
152,220,1,2384.8,0.46593,-2.0874,0,0.2273,315,1,1598.5,0.09281,-0.8468,0,0.2878,0
153,220,1,2384.9,0.37323,-2.0859,0,0.17867,315,1,1598.6,-0.062269,-0.89235,0,0.19594,0
154,220,1,2385,0.28335,-2.0991,0,0.24289,315,1,1598.7,-0.15321,-0.85495,0,0.1562,0
155,220,1,2385.1,0.14135,-2.1475,0,0.17822,315,1,1598.8,-0.2797,-0.94861,0,0.13697,0
156,220,1,2385.2,0.021697,-2.1924,0,0.25843,315,1,1598.9,-0.47001,-1.0759,0,0.36444,0
157,220,1,2385.3,-0.069285,-2.2437,0,0.37738,315,1,1599,-0.62818,-1.1172,0,0.098813,0
158,220,1,2385.4,-0.14721,-2.2932,0,0.21535,315,1,1599.1,-0.7358,-1.1714,0,0.20115,0
159,220,1,2385.5,-0.24939,-2.3615,0,0.27334,315,1,1599.2,-0.82704,-1.2539,0,0.065156,0
160,220,1,2385.6,-0.34675,-2.4249,0,0.16517,315,1,1599.3,-0.92948,-1.37,0,0.16648,0
161,220,1,2385.7,-0.44921,-2.5025,0,0.29628,315,1,1599.4,-1.0363,-1.4682,0,0.1212,0
162,220,1,2385.8,-0.54559,-2.5342,0,0.13057,315,1,1599.5,-1.1487,-1.5678,0,0.15591,0
163,220,1,2385.9,-0.61458,-2.5451,0,0.09071,315,1,1599.6,-1.236,-1.6181,0,0.18626,0
164,220,1,2386,-0.73322,-2.5862,0,0.36287,315,1,1599.7,-1.3634,-1.7299,0,0.11027,0
165,220,1,2386.1,-0.82977,-2.6987,0,0.23285,315,1,1599.8,-1.4379,-1.7847,0,0.24032,0
166,220,1,2386.2,-0.853,-2.7482,0,0.31857,315,1,1599.9,-1.5686,-1.9266,0,0.14927,0
167,220,1,2386.3,-1.004,-2.9002,0,0.33192,315,1,1600,-1.752,-2.0629,0,0.28643,0
168,220,1,2386.4,-1.0732,-2.9651,0,0.32694,315,1,1600.1,-1.8839,-2.1953,0,0.33599,0
169,220,1,2386.5,-1.1771,-3.0298,0,0.18762,315,1,1600.2,-2.0043,-2.3529,0,0.39354,0
170,220,1,2386.6,-1.2561,-3.1318,0,0.26078,315,1,1600.3,-2.1401,-2.5066,0,0.38344,0
171,220,1,2386.7,-1.3686,-3.227,0,0.23034,315,1,1600.4,-2.247,-2.6002,0,0.18119,0
172,220,1,2386.8,-1.5027,-3.3244,0,0.28451,315,1,1600.5,-2.3356,-2.6122,0,0.21808,0
173,220,1,2386.9,-1.6035,-3.4356,0,0.2661,315,1,1600.6,-2.4765,-2.6595,0,0.11811,0
174,220,1,2387,-1.7286,-3.5255,0,0.40406,315,1,1600.7,-2.5522,-2.7505,0,0.18439,0
175,220,1,2387.1,-1.7972,-3.5641,0,0.27129,315,1,1600.8,-2.6587,-2.8671,0,0.18611,0
176,220,1,2387.2,-1.8436,-3.6248,0,0.1572,315,1,1600.9,-2.7629,-2.9471,0,0.14945,0
177,220,1,2387.3,-1.9149,-3.7348,0,0.20658,315,1,1601,-2.8778,-3.1274,0,0.36563,0
178,220,1,2387.4,-1.9931,-3.7823,0,0.18442,315,1,1601.1,-2.9795,-3.2523,0,0.15224,0
179,220,1,2387.5,-2.0715,-3.8973,0,0.14894,315,1,1601.2,-3.0613,-3.3635,0,0.14362,0
180,220,1,2387.6,-2.1193,-4.0141,0,0.15379,315,1,1601.3,-3.1489,-3.4827,0,0.16758,0
181,220,1,2387.7,-2.1998,-4.1259,0,0.13269,315,1,1601.4,-3.2126,-3.5761,0,0.2018,0
182,220,1,2387.8,-2.2967,-4.1689,0,0.33644,315,1,1601.5,-3.2858,-3.701,0,0.1135,0
183,220,1,2387.9,-2.3271,-4.2994,0,0.18009,315,1,1601.6,-3.3802,-3.8121,0,0.13533,0
184,220,1,2388,-2.3966,-4.4113,0,0.21817,315,1,1601.7,-3.4354,-3.9266,0,0.15762,0
185,220,1,2388.1,-2.4721,-4.5117,0,0.13389,315,1,1601.8,-3.5078,-4.0298,0,0.15674,0
186,220,1,2388.2,-2.4212,-4.6287,0,0.40032,315,1,1601.9,-3.5653,-4.1483,0,0.11983,0
187,220,1,2388.3,-2.4773,-4.6803,0,0.17095,315,1,1602,-3.6268,-4.2841,0,0.10962,0
188,220,1,2388.4,-2.4987,-4.7784,0,0.23971,315,1,1602.1,-3.6696,-4.4525,0,0.10477,0
189,220,1,2388.5,-2.5195,-4.847,0,0.11486,315,1,1602.2,-3.6651,-4.6097,0,0.15286,0
190,220,1,2388.6,-2.5374,-4.946,0,0.17001,315,1,1602.3,-3.6587,-4.7858,0,0.11312,0
191,220,1,2388.7,-2.5179,-5.0188,0,0.16325,315,1,1602.4,-3.6704,-4.8979,0,0.12234,0
192,220,1,2388.9,-2.5141,-5.1153,0,0.11899,315,1,1602.5,-3.6826,-5.0296,0,0.12832,0
193,220,1,2389,-2.5279,-5.2245,0,0.15315,315,1,1602.6,-3.6978,-5.1756,0,0.098812,0
194,220,1,2389.1,-2.5411,-5.3202,0,0.12151,315,1,1602.7,-3.7259,-5.3358,0,0.14592,0
195,220,1,2389.2,-2.5543,-5.4016,0,0.1144,315,1,1602.8,-3.7477,-5.4891,0,0.11998,0
196,220,1,2389.3,-2.573,-5.5357,0,0.12933,315,1,1602.9,-3.7804,-5.6294,0,0.14023,0
197,220,1,2389.4,-2.5521,-5.6427,0,0.15981,315,1,1603,-3.7682,-5.7025,0,0.35017,0
198,220,1,2389.5,-2.5783,-5.7702,0,0.12752,315,1,1603.1,-3.7613,-5.816,0,0.16357,0
199,220,1,2389.6,-2.581,-5.8694,0,0.093488,315,1,1603.2,-3.7915,-5.9345,0,0.15155,0
200,220,1,2389.7,-2.5499,-5.9868,0,0.1415,315,1,1603.3,-3.7964,-6.1207,0,0.16645,0
201,220,1,2389.8,-2.5403,-6.0902,0,0.13336,315,1,1603.4,-3.7489,-6.2746,0,0.19557,0
202,220,1,2389.9,-2.5539,-6.2089,0,0.12414,315,1,1603.5,-3.7289,-6.3954,0,0.14152,0
203,220,1,2390,-2.5554,-6.3581,0,0.1749,315,1,1603.6,-3.7631,-6.5219,0,0.14457,0
204,220,1,2390.1,-2.5521,-6.5041,0,0.19087,315,1,1603.8,-3.7588,-6.6333,0,0.15539,0
205,220,1,2390.2,-2.5724,-6.5891,0,0.16884,315,1,1603.9,-3.7815,-6.7696,0,0.13777,0
206,220,1,2390.3,-2.591,-6.7426,0,0.14527,315,1,1604,-3.8069,-6.9164,0,0.11892,0
207,220,1,2390.4,-2.5991,-6.868,0,0.16936,315,1,1604.1,-3.8544,-7.0254,0,0.28363,0
208,220,1,2390.5,-2.6197,-6.9603,0,0.19284,315,1,1604.2,-3.8359,-7.1423,0,0.15955,0
209,220,1,2390.6,-2.6046,-7.1114,0,0.11358,315,1,1604.3,-3.8455,-7.2748,0,0.14891,0
210,220,1,2390.7,-2.5839,-7.2499,0,0.16185,315,1,1604.4,-3.8561,-7.4073,0,0.15964,0
211,220,1,2390.8,-2.6089,-7.4083,0,0.12828,315,1,1604.5,-3.8331,-7.5161,0,0.18397,0
212,220,1,2390.9,-2.6342,-7.5471,0,0.15108,315,1,1604.6,-3.836,-7.6634,0,0.21968,0
213,220,1,2391,-2.6598,-7.695,0,0.10952,315,1,1604.7,-3.8604,-7.8196,0,0.12112,0
214,220,1,2391.1,-2.6716,-7.8198,0,0.11941,315,1,1604.8,-3.863,-7.9918,0,0.1884,0
215,220,1,2391.2,-2.6728,-7.939,0,0.14409,315,1,1604.9,-3.8633,-8.0607,0,0.22787,0
216,220,1,2391.3,-2.6677,-8.0838,0,0.15388,315,1,1605,-3.8553,-8.1871,0,0.11517,0
217,220,1,2391.4,-2.6796,-8.2274,0,0.16395,315,1,1605.1,-3.8533,-8.3314,0,0.11467,0
218,220,1,2391.5,-2.6701,-8.3473,0,0.19841,315,1,1605.2,-3.8655,-8.5108,0,0.23275,0
219,220,1,2391.6,-2.6852,-8.4998,0,0.143,315,1,1605.3,-3.8815,-8.6837,0,0.18383,0
220,220,1,2391.7,-2.7193,-8.6534,0,0.13493,315,1,1605.4,-3.854,-8.7814,0,0.18394,0
221,220,1,2391.8,-2.7177,-8.7897,0,0.18173,315,1,1605.5,-3.8414,-8.9477,0,0.15657,0
222,220,1,2391.9,-2.7449,-8.9294,0,0.16141,315,1,1605.6,-3.8537,-9.0602,0,0.13408,0
223,220,1,2392,-2.7259,-9.0853,0,0.14095,315,1,1605.7,-3.8623,-9.2061,0,0.15133,0
224,220,1,2392.1,-2.7294,-9.1515,0,0.34276,315,1,1605.8,-3.8754,-9.3442,0,0.13928,0
225,220,1,2392.2,-2.6973,-9.3213,0,0.19318,315,1,1605.9,-3.8662,-9.4682,0,0.11937,0
226,220,1,2392.3,-2.7419,-9.5186,0,0.061198,315,1,1606,-3.903,-9.5576,0,0.15948,0
227,220,1,2392.4,-2.7876,-9.6625,0,0.14563,315,1,1606.1,-3.9109,-9.7049,0,0.15253,0
228,220,1,2392.5,-2.821,-9.792,0,0.1506,315,1,1606.2,-3.9211,-9.8422,0,0.13626,0
229,220,1,2392.6,-2.8408,-9.9391,0,0.10626,315,1,1606.3,-3.9339,-10.002,0,0.12397,0
230,220,1,2392.7,-2.7807,-10.06,0,0.27908,315,1,1606.4,-3.9452,-10.132,0,0.26081,0
231,220,1,2392.8,-2.7743,-10.181,0,0.17271,315,1,1606.5,-3.9331,-10.253,0,0.1803,0
232,220,1,2392.9,-2.8149,-10.334,0,0.20552,315,1,1606.6,-3.9095,-10.383,0,0.30401,0
233,220,1,2393,-2.8685,-10.477,0,0.085249,315,1,1606.7,-3.9547,-10.557,0,0.14353,0
234,220,1,2393.1,-2.8451,-10.602,0,0.22459,315,1,1606.8,-3.9725,-10.727,0,0.18295,0
235,220,1,2393.2,-2.9051,-10.742,0,0.10401,315,1,1606.9,-3.9786,-10.844,0,0.099673,0
236,220,1,2393.3,-2.9256,-10.893,0,0.15194,315,1,1607,-4.0195,-10.993,0,0.1058,0
237,220,1,2393.4,-2.9742,-11.045,0,0.12913,315,1,1607.1,-4.0414,-11.108,0,0.085813,0
238,220,1,2393.5,-3.0008,-11.173,0,0.13189,315,1,1607.2,-4.0577,-11.22,0,0.11628,0
239,220,1,2393.6,-3.0385,-11.331,0,0.16287,315,1,1607.3,-4.0838,-11.376,0,0.16251,0
240,220,1,2393.7,-3.0329,-11.471,0,0.21431,315,1,1607.4,-4.0986,-11.498,0,0.10502,0
241,220,1,2393.8,-3.0303,-11.601,0,0.16853,315,1,1607.5,-4.0913,-11.66,0,0.18981,0
242,220,1,2393.9,-2.9986,-11.72,0,0.15364,315,1,1607.6,-4.1015,-11.77,0,0.12002,0
243,220,1,2394,-2.9728,-11.852,0,0.22482,315,1,1607.7,-4.128,-11.913,0,0.11306,0
244,220,1,2394.1,-2.8801,-12.005,0,0.38804,315,1,1607.8,-4.1403,-12.041,0,0.23082,0
245,220,1,2394.2,-2.9012,-12.153,0,0.34253,315,1,1607.9,-4.1293,-12.188,0,0.14974,0
246,220,1,2394.3,-2.9075,-12.298,0,0.28756,315,1,1608,-4.1947,-12.309,0,0.13747,0
247,220,1,2394.4,-2.9251,-12.434,0,0.15109,315,1,1608.1,-4.2052,-12.429,0,0.17967,0
248,220,1,2394.5,-2.9508,-12.537,0,0.16563,315,1,1608.2,-4.2009,-12.543,0,0.09996,0
249,220,1,2394.6,-2.9702,-12.638,0,0.1084,315,1,1608.3,-4.2,-12.63,0,0.24296,0
250,220,1,2394.7,-2.9728,-12.745,0,0.17817,315,1,1608.4,-4.1951,-12.773,0,0.17372,0
251,220,1,2394.8,-3.0103,-12.859,0,0.13474,315,1,1608.5,-4.1906,-12.903,0,0.15935,0
252,220,1,2394.9,-3.0262,-12.977,0,0.15105,315,1,1608.6,-4.1847,-13.081,0,0.12926,0
253,220,1,2395,-3.0424,-13.091,0,0.16673,315,1,1608.7,-4.1706,-13.199,0,0.18561,0
254,220,1,2395.1,-3.0605,-13.246,0,0.21857,315,1,1608.8,-4.1603,-13.352,0,0.16209,0
255,220,1,2395.2,-3.0564,-13.359,0,0.11074,315,1,1608.9,-4.1497,-13.546,0,0.23553,0
0,220,1,2395.3,-3.035,-13.487,0,0.098952,315,1,1609,-4.1593,-13.642,0,0.11664,0
1,220,1,2395.4,-3.0569,-13.616,0,0.15595,315,1,1609.1,-4.1572,-13.767,0,0.16965,0
2,220,1,2395.5,-3.0518,-13.73,0,0.10027,315,1,1609.2,-4.1821,-13.801,0,0.23526,0
3,220,1,2395.6,-3.0605,-13.805,0,0.2461,315,1,1609.3,-4.1836,-13.966,0,0.13692,0
4,220,1,2395.7,-3.0175,-13.945,0,0.20752,315,1,1609.4,-4.177,-14.115,0,0.11156,0
5,220,1,2395.8,-3.0312,-14.08,0,0.15079,315,1,1609.5,-4.1615,-14.22,0,0.15503,0
6,220,1,2395.9,-3.0006,-14.213,0,0.23314,315,1,1609.6,-4.1465,-14.356,0,0.20566,0
7,220,1,2396,-2.983,-14.395,0,0.13469,315,1,1609.7,-4.1742,-14.622,0,0.35718,0
8,220,1,2396.1,-2.98,-14.52,0,0.17631,315,1,1609.8,-4.165,-14.75,0,0.14266,0
9,220,1,2396.2,-2.9559,-14.626,0,0.17974,315,1,1609.9,-4.1344,-14.842,0,0.12661,0
10,220,1,2396.3,-2.9799,-14.79,0,0.12567,315,1,1610,-4.1308,-14.92,0,0.16679,0
11,220,1,2396.4,-2.9953,-14.926,0,0.22295,315,1,1610.1,-4.0866,-14.956,0,0.12093,0
12,220,1,2396.5,-2.9886,-15.047,0,0.21238,315,1,1610.2,-4.1331,-15.154,0,0.18853,0
13,220,1,2396.6,-3.0041,-15.182,0,0.1663,315,1,1610.3,-4.1408,-15.293,0,0.13544,0
14,220,1,2396.7,-2.9873,-15.302,0,0.1419,315,1,1610.4,-4.1348,-15.423,0,0.24759,0
15,220,1,2396.8,-3.0054,-15.438,0,0.12122,315,1,1610.5,-4.1169,-15.545,0,0.22144,0
16,220,1,2396.9,-3.0287,-15.505,0,0.2841,315,1,1610.6,-4.1298,-15.644,0,0.14933,0
17,220,1,2397,-3.042,-15.677,0,0.19018,315,1,1610.7,-4.1548,-15.785,0,0.11274,0
18,220,1,2397.1,-3.0537,-15.852,0,0.1836,315,1,1610.8,-4.148,-15.928,0,0.15459,0
19,220,1,2397.2,-3.039,-16.003,0,0.1606,315,1,1610.9,-4.1591,-16.055,0,0.15283,0
20,220,1,2397.3,-3.0205,-16.135,0,0.14116,315,1,1611,-4.146,-16.099,0,0.28349,0
21,220,1,2397.4,-3.0391,-16.299,0,0.20902,315,1,1611.1,-4.1893,-16.278,0,0.3253,0
22,220,1,2397.5,-3.0434,-16.418,0,0.10875,315,1,1611.2,-4.1854,-16.408,0,0.15139,0
23,220,1,2397.6,-3.0633,-16.584,0,0.12832,315,1,1611.3,-4.2026,-16.543,0,0.30643,0
24,220,1,2397.7,-3.1031,-16.714,0,0.28108,315,1,1611.4,-4.2208,-16.686,0,0.27265,0
25,220,1,2397.8,-3.1735,-16.801,0,0.21002,315,1,1611.5,-4.2809,-16.784,0,0.2191,0
26,220,1,2397.9,-3.1961,-16.957,0,0.12366,315,1,1611.6,-4.3047,-16.859,0,0.29942,0
27,220,1,2398,-3.2364,-17.109,0,0.14765,315,1,1611.7,-4.3537,-16.847,0,0.18779,0
28,220,1,2398.1,-3.3036,-17.225,0,0.19877,315,1,1611.8,-4.3638,-16.879,0,0.15727,0
29,220,1,2398.2,-3.3546,-17.335,0,0.12051,315,1,1611.9,-4.3877,-16.848,0,0.10478,0
30,220,1,2398.3,-3.3548,-17.409,0,0.33347,315,1,1612,-4.4227,-16.823,0,0.11889,0
31,220,1,2398.4,-3.5008,-17.564,0,0.14709,315,1,1612.1,-4.3918,-16.781,0,0.29074,0
32,220,1,2398.5,-3.6276,-17.603,0,0.20203,315,1,1612.2,-4.4575,-16.711,0,0.23704,0
33,220,1,2398.6,-3.7722,-17.638,0,0.14472,315,1,1612.3,-4.4839,-16.669,0,0.27364,0
34,220,1,2398.7,-3.8816,-17.634,0,0.24701,315,1,1612.4,-4.499,-16.623,0,0.15188,0
35,220,1,2398.8,-4.0216,-17.646,0,0.19769,315,1,1612.5,-4.5126,-16.589,0,0.38282,0
36,220,1,2398.9,-4.1642,-17.619,0,0.14222,315,1,1612.6,-4.5376,-16.576,0,0.16448,0
37,220,1,2399,-4.3291,-17.654,0,0.19931,315,1,1612.7,-4.5944,-16.503,0,0.15069,0
38,220,1,2399.1,-4.4287,-17.64,0,0.22205,315,1,1612.8,-4.6713,-16.441,0,0.12299,0
39,220,1,2399.2,-4.5925,-17.636,0,0.13049,315,1,1612.9,-4.7452,-16.366,0,0.17137,0
40,220,1,2399.3,-4.7813,-17.667,0,0.19757,315,1,1613,-4.8187,-16.353,0,0.096695,0
41,220,1,2399.4,-4.9585,-17.679,0,0.18974,315,1,1613.1,-4.9019,-16.322,0,0.12642,0
42,220,1,2399.5,-5.1152,-17.694,0,0.13642,315,1,1613.2,-4.9809,-16.315,0,0.10514,0
43,220,1,2399.6,-5.224,-17.706,0,0.16015,315,1,1613.3,-5.079,-16.285,0,0.12591,0
44,220,1,2399.7,-5.3608,-17.691,0,0.1345,315,1,1613.4,-5.1821,-16.267,0,0.12164,0
45,220,1,2399.8,-5.4917,-17.667,0,0.15002,315,1,1613.5,-5.3019,-16.256,0,0.13968,0
46,220,1,2399.9,-5.6053,-17.599,0,0.25524,315,1,1613.6,-5.4391,-16.215,0,0.20132,0
47,220,1,2400,-5.7537,-17.586,0,0.162,315,1,1613.7,-5.5418,-16.203,0,0.14996,0
48,220,1,2400.1,-5.8761,-17.617,0,0.35479,315,1,1613.8,-5.6478,-16.191,0,0.14833,0
49,220,1,2400.2,-5.9931,-17.601,0,0.15505,315,1,1613.9,-5.7777,-16.17,0,0.10464,0
50,220,1,2400.3,-6.1209,-17.587,0,0.16984,315,1,1614,-5.9235,-16.162,0,0.10129,0
51,220,1,2400.4,-6.2337,-17.563,0,0.2001,315,1,1614.1,-6.0283,-16.141,0,0.092091,0
52,220,1,2400.5,-6.3656,-17.51,0,0.12938,315,1,1614.2,-6.1475,-16.159,0,0.11952,0
53,220,1,2400.6,-6.5016,-17.48,0,0.14839,315,1,1614.3,-6.2852,-16.151,0,0.14349,0
54,220,1,2400.7,-6.6466,-17.446,0,0.23373,315,1,1614.4,-6.3892,-16.118,0,0.11561,0
55,220,1,2400.8,-6.74,-17.374,0,0.12006,315,1,1614.5,-6.4851,-16.092,0,0.052116,0
56,220,1,2400.9,-6.8459,-17.341,0,0.1831,315,1,1614.6,-6.5367,-16.111,0,0.18399,0
57,220,1,2401,-6.8994,-17.225,0,0.18816,315,1,1614.7,-6.5587,-16.083,0,0.13369,0
58,220,1,2401.1,-6.9731,-17.194,0,0.18822,315,1,1614.8,-6.5716,-16.083,0,0.18369,0
59,220,1,2401.2,-7.0863,-17.12,0,0.091889,315,1,1614.9,-6.6138,-16.037,0,0.15882,0
60,220,1,2401.3,-7.1955,-16.97,0,0.24455,315,1,1615,-6.5924,-16.015,0,0.11513,0
61,220,1,2401.4,-7.2807,-16.901,0,0.12185,315,1,1615.1,-6.5272,-16.018,0,0.12282,0
62,220,1,2401.5,-7.3933,-16.768,0,0.11257,315,1,1615.2,-6.5028,-15.975,0,0.31619,0
63,220,1,2401.6,-7.4042,-16.672,0,0.24853,315,1,1615.3,-6.3864,-15.968,0,0.21329,0
64,220,1,2401.7,-7.4313,-16.528,0,0.16636,315,1,1615.4,-6.3432,-15.977,0,0.1554,0
65,220,1,2401.8,-7.4671,-16.352,0,0.1692,315,1,1615.5,-6.2577,-15.898,0,0.30205,0
66,220,1,2401.9,-7.4282,-16.269,0,0.42179,315,1,1615.6,-6.242,-15.944,0,0.21529,0
67,220,1,2402,-7.4682,-16.075,0,0.11205,315,1,1615.7,-6.2183,-15.941,0,0.21456,0
68,220,1,2402.2,-7.4842,-15.951,0,0.12557,315,1,1615.8,-6.2056,-15.879,0,0.15342,0
69,220,1,2402.3,-7.4832,-15.829,0,0.14285,315,1,1615.9,-6.198,-15.807,0,0.11679,0
70,220,1,2402.4,-7.4932,-15.71,0,0.11603,315,1,1616,-6.19,-15.683,0,0.13433,0
71,220,1,2402.5,-7.4601,-15.567,0,0.17623,315,1,1616.1,-6.2143,-15.534,0,0.27602,0
72,220,1,2402.6,-7.4665,-15.463,0,0.13846,315,1,1616.2,-6.1909,-15.339,0,0.28642,0
73,220,1,2402.7,-7.4722,-15.339,0,0.10842,315,1,1616.3,-6.206,-15.237,0,0.12929,0
74,220,1,2402.8,-7.4655,-15.244,0,0.095386,315,1,1616.4,-6.1988,-15.166,0,0.091798,0
75,220,1,2402.9,-7.4799,-15.115,0,0.10803,315,1,1616.5,-6.2136,-15.06,0,0.13397,0
76,220,1,2403,-7.4987,-14.996,0,0.095541,315,1,1616.6,-6.2444,-14.948,0,0.21955,0
77,220,1,2403.1,-7.4861,-14.86,0,0.14166,315,1,1616.7,-6.2138,-14.834,0,0.088365,0
78,220,1,2403.2,-7.4557,-14.677,0,0.14362,315,1,1616.8,-6.1773,-14.688,0,0.13157,0
79,220,1,2403.3,-7.4574,-14.532,0,0.17838,315,1,1616.9,-6.1414,-14.573,0,0.18013,0
80,220,1,2403.4,-7.4338,-14.449,0,0.14111,315,1,1617.1,-6.1319,-14.441,0,0.11963,0
81,220,1,2403.5,-7.4213,-14.306,0,0.1458,315,1,1617.2,-6.1296,-14.315,0,0.14098,0
82,220,1,2403.6,-7.4015,-14.181,0,0.10514,315,1,1617.3,-6.0943,-14.149,0,0.10173,0
83,220,1,2403.7,-7.3915,-14.087,0,0.12716,315,1,1617.4,-6.0958,-14.027,0,0.21394,0
84,220,1,2403.8,-7.3683,-13.966,0,0.12003,315,1,1617.5,-6.062,-13.868,0,0.2071,0
85,220,1,2403.9,-7.3474,-13.797,0,0.11145,315,1,1617.6,-6.0351,-13.724,0,0.097829,0
86,220,1,2404,-7.3237,-13.652,0,0.083739,315,1,1617.7,-6.0159,-13.588,0,0.14867,0
87,220,1,2404.1,-7.3047,-13.498,0,0.17797,315,1,1617.8,-5.9907,-13.463,0,0.13471,0
88,220,1,2404.2,-7.2837,-13.349,0,0.16195,315,1,1617.9,-5.975,-13.357,0,0.18154,0
89,220,1,2404.3,-7.2454,-13.133,0,0.36223,315,1,1618,-5.9572,-13.203,0,0.17266,0
90,220,1,2404.4,-7.2512,-13.027,0,0.13291,315,1,1618.1,-5.9498,-13.073,0,0.068599,0
91,220,1,2404.5,-7.2608,-12.909,0,0.079767,315,1,1618.2,-5.9585,-12.957,0,0.085641,0
92,220,1,2404.6,-7.2168,-12.832,0,0.25427,315,1,1618.3,-5.9582,-12.845,0,0.079969,0
93,220,1,2404.7,-7.2133,-12.663,0,0.11061,315,1,1618.4,-5.9629,-12.732,0,0.1153,0
94,220,1,2404.8,-7.1971,-12.514,0,0.12979,315,1,1618.5,-5.9529,-12.595,0,0.102,0
95,220,1,2404.9,-7.2112,-12.363,0,0.134,315,1,1618.6,-5.9659,-12.44,0,0.15709,0
96,220,1,2405,-7.1397,-12.231,0,0.36317,315,1,1618.7,-5.982,-12.323,0,0.10909,0
97,220,1,2405.1,-7.1566,-12.093,0,0.11002,315,1,1618.8,-5.9979,-12.184,0,0.087944,0
98,220,1,2405.2,-7.1778,-11.948,0,0.15329,315,1,1618.9,-5.994,-12.056,0,0.089281,0
99,220,1,2405.3,-7.1585,-11.85,0,0.077917,315,1,1619,-5.98,-11.9,0,0.11333,0
100,220,1,2405.4,-7.1219,-11.734,0,0.089628,315,1,1619.1,-5.9591,-11.765,0,0.10374,0
101,220,1,2405.5,-7.1398,-11.623,0,0.10234,315,1,1619.2,-5.9713,-11.648,0,0.11879,0
102,220,1,2405.6,-7.1285,-11.468,0,0.15291,315,1,1619.3,-5.9514,-11.517,0,0.12596,0
103,220,1,2405.7,-7.1206,-11.352,0,0.14281,315,1,1619.4,-5.9328,-11.365,0,0.14064,0
104,220,1,2405.8,-7.1089,-11.225,0,0.12163,315,1,1619.5,-5.9307,-11.245,0,0.1001,0
105,220,1,2405.9,-7.104,-11.125,0,0.050385,315,1,1619.6,-5.912,-11.128,0,0.14789,0
106,220,1,2406,-7.08,-10.987,0,0.11576,315,1,1619.7,-5.8894,-11.021,0,0.1694,0
107,220,1,2406.1,-7.0642,-10.875,0,0.12541,315,1,1619.8,-5.8689,-10.85,0,0.24427,0
108,220,1,2406.2,-7.0443,-10.747,0,0.066499,315,1,1619.9,-5.8694,-10.743,0,0.16175,0
109,220,1,2406.3,-7.042,-10.614,0,0.084551,315,1,1620,-5.8653,-10.611,0,0.11643,0
110,220,1,2406.4,-7.0327,-10.498,0,0.056443,315,1,1620.1,-5.8484,-10.497,0,0.078732,0
111,220,1,2406.5,-7.0313,-10.395,0,0.059516,315,1,1620.2,-5.8479,-10.356,0,0.15243,0
112,220,1,2406.6,-7.0528,-10.268,0,0.091881,315,1,1620.3,-5.8289,-10.32,0,0.30168,0
113,220,1,2406.7,-7.0524,-10.167,0,0.068488,315,1,1620.4,-5.849,-10.139,0,0.13854,0
114,220,1,2406.8,-7.0233,-10.041,0,0.10178,315,1,1620.5,-5.8403,-9.9822,0,0.090769,0
115,220,1,2406.9,-7.0213,-9.8974,0,0.066043,315,1,1620.6,-5.8325,-9.8449,0,0.12191,0
116,220,1,2407,-7.03,-9.7712,0,0.19366,315,1,1620.7,-5.8305,-9.7281,0,0.13503,0
117,220,1,2407.1,-7.0252,-9.6545,0,0.069461,315,1,1620.8,-5.8229,-9.606,0,0.1132,0
118,220,1,2407.2,-7.0276,-9.5135,0,0.07333,315,1,1620.9,-5.8075,-9.4718,0,0.16673,0
119,220,1,2407.3,-7.015,-9.3782,0,0.086784,315,1,1621,-5.8036,-9.3408,0,0.12553,0
120,220,1,2407.4,-6.9641,-9.2975,0,0.3353,315,1,1621.1,-5.8004,-9.2171,0,0.12996,0
121,220,1,2407.5,-6.9898,-9.1624,0,0.093732,315,1,1621.2,-5.826,-9.0943,0,0.13708,0
122,220,1,2407.6,-7.0027,-9.0354,0,0.076492,315,1,1621.3,-5.8029,-8.9261,0,0.17316,0
123,220,1,2407.7,-6.979,-8.8874,0,0.22023,315,1,1621.4,-5.7908,-8.7969,0,0.16018,0
124,220,1,2407.8,-6.9803,-8.7829,0,0.10323,315,1,1621.5,-5.7528,-8.6738,0,0.12241,0
125,220,1,2407.9,-6.9792,-8.6547,0,0.10626,315,1,1621.6,-5.7704,-8.5358,0,0.14854,0
126,220,1,2408,-6.9653,-8.5492,0,0.13533,315,1,1621.7,-5.7959,-8.4066,0,0.14872,0
127,220,1,2408.1,-6.9701,-8.4502,0,0.071331,315,1,1621.8,-5.7794,-8.2789,0,0.1618,0
128,220,1,2408.2,-7.0001,-8.3568,0,0.12946,315,1,1621.9,-5.7547,-8.1711,0,0.10848,0
129,220,1,2408.3,-7.0077,-8.2617,0,0.12045,315,1,1622,-5.7556,-8.0569,0,0.13719,0
130,220,1,2408.4,-6.9945,-8.1384,0,0.13475,315,1,1622.1,-5.7877,-7.8826,0,0.25119,0
131,220,1,2408.5,-7.0208,-8.0364,0,0.20856,315,1,1622.2,-5.8144,-7.7474,0,0.084627,0
132,220,1,2408.6,-7.0123,-7.9194,0,0.15333,315,1,1622.3,-5.8375,-7.6266,0,0.092964,0
133,220,1,2408.7,-7.0007,-7.8392,0,0.19415,315,1,1622.4,-5.8434,-7.4972,0,0.14675,0
134,220,1,2408.8,-7.013,-7.8047,0,0.20366,315,1,1622.5,-5.8778,-7.3708,0,0.19622,0
135,220,1,2408.9,-7.0296,-7.7643,0,0.22751,315,1,1622.6,-5.9335,-7.2863,0,0.1782,0
136,220,1,2409,-7.0473,-7.7425,0,0.2222,315,1,1622.7,-5.9965,-7.1522,0,0.089548,0
137,220,1,2409.1,-7.0423,-7.7333,0,0.14251,315,1,1622.8,-6.0687,-7.0595,0,0.13185,0
138,220,1,2409.2,-7.0465,-7.734,0,0.16589,315,1,1622.9,-6.1597,-6.9446,0,0.12407,0
139,220,1,2409.3,-7.0448,-7.7611,0,0.078616,315,1,1623,-6.2638,-6.8889,0,0.15667,0
140,220,1,2409.4,-7.0575,-7.7676,0,0.18543,315,1,1623.1,-6.4055,-6.8178,0,0.19903,0
141,220,1,2409.5,-7.0469,-7.8093,0,0.17408,315,1,1623.2,-6.5469,-6.7681,0,0.089168,0
142,220,1,2409.6,-7.0255,-7.8363,0,0.15749,315,1,1623.3,-6.672,-6.7287,0,0.084766,0
143,220,1,2409.7,-6.9825,-7.8728,0,0.21878,315,1,1623.4,-6.8317,-6.6962,0,0.11298,0
144,220,1,2409.8,-6.9097,-7.8784,0,0.1263,315,1,1623.5,-6.9429,-6.6957,0,0.21104,0
145,220,1,2409.9,-6.8856,-7.9172,0,0.13821,315,1,1623.6,-7.1112,-6.7363,0,0.11111,0
146,220,1,2410,-6.8589,-7.984,0,0.20263,315,1,1623.7,-7.2025,-6.7909,0,0.040152,0
147,220,1,2410.1,-6.8566,-8.0545,0,0.29543,315,1,1623.8,-7.2911,-6.8588,0,0.17374,0
148,220,1,2410.2,-6.8337,-8.0836,0,0.27833,315,1,1623.9,-7.3898,-6.9401,0,0.11791,0
149,220,1,2410.3,-6.8401,-8.0316,0,0.41086,315,1,1624,-7.461,-7.0475,0,0.14951,0
150,220,1,2410.4,-6.8429,-8.1215,0,0.19669,315,1,1624.1,-7.5808,-7.1124,0,0.18625,0
151,220,1,2410.5,-6.8538,-8.2361,0,0.23143,315,1,1624.2,-7.6344,-7.1951,0,0.046938,0
152,220,1,2410.6,-6.8836,-8.3015,0,0.16436,315,1,1624.3,-7.6954,-7.3016,0,0.10037,0
153,220,1,2410.7,-6.9638,-8.3679,0,0.23432,315,1,1624.4,-7.7674,-7.3895,0,0.11324,0
154,220,1,2410.8,-7.0257,-8.4481,0,0.27253,315,1,1624.5,-7.8163,-7.4863,0,0.094831,0
155,220,1,2410.9,-7.0474,-8.5374,0,0.21021,315,1,1624.6,-7.8569,-7.4739,0,0.38811,0
156,220,1,2411,-7.1394,-8.6228,0,0.25825,315,1,1624.7,-7.9435,-7.5729,0,0.1032,0
157,220,1,2411.1,-7.2082,-8.6985,0,0.20321,315,1,1624.8,-8.0765,-7.7383,0,0.22171,0
158,220,1,2411.2,-7.2871,-8.7671,0,0.23242,315,1,1624.9,-8.1807,-7.8569,0,0.29121,0
159,220,1,2411.3,-7.3814,-8.8583,0,0.22058,315,1,1625,-8.2913,-7.9635,0,0.20524,0
160,220,1,2411.4,-7.4762,-8.9183,0,0.20356,315,1,1625.1,-8.325,-8.0814,0,0.1818,0
161,220,1,2411.5,-7.5789,-9.0173,0,0.19768,315,1,1625.2,-8.3942,-8.1476,0,0.11983,0
162,220,1,2411.6,-7.68,-9.1418,0,0.20356,315,1,1625.3,-8.4794,-8.2291,0,0.13144,0
163,220,1,2411.7,-7.8071,-9.2615,0,0.16757,315,1,1625.4,-8.5638,-8.2903,0,0.094305,0
164,220,1,2411.8,-7.9139,-9.3315,0,0.31531,315,1,1625.5,-8.6413,-8.3327,0,0.079508,0
165,220,1,2411.9,-8.0109,-9.3986,0,0.1747,315,1,1625.6,-8.7402,-8.3828,0,0.11024,0
166,220,1,2412,-8.1708,-9.492,0,0.26497,315,1,1625.7,-8.8439,-8.4504,0,0.11196,0
167,220,1,2412.1,-8.2941,-9.5945,0,0.16819,315,1,1625.8,-8.9095,-8.4938,0,0.092217,0
168,220,1,2412.2,-8.4391,-9.6851,0,0.20236,315,1,1625.9,-8.9052,-8.5274,0,0.3317,0
169,220,1,2412.3,-8.5485,-9.7599,0,0.1791,315,1,1626,-8.9624,-8.5984,0,0.30561,0
170,220,1,2412.4,-8.645,-9.8022,0,0.12299,315,1,1626.1,-9.0983,-8.6625,0,0.16901,0
171,220,1,2412.5,-8.7134,-9.8538,0,0.22998,315,1,1626.2,-9.2225,-8.7081,0,0.16796,0
172,220,1,2412.6,-8.8427,-9.8924,0,0.19382,315,1,1626.3,-9.2991,-8.7493,0,0.14046,0
173,220,1,2412.7,-8.9693,-9.9411,0,0.10967,315,1,1626.4,-9.4496,-8.8207,0,0.30547,0
174,220,1,2412.8,-9.1057,-9.9919,0,0.11934,315,1,1626.5,-9.4823,-8.8329,0,0.35989,0
175,220,1,2412.9,-9.2413,-10.042,0,0.1356,315,1,1626.6,-9.5988,-8.8994,0,0.26668,0
176,220,1,2413,-9.4012,-10.059,0,0.17846,315,1,1626.7,-9.7102,-8.9409,0,0.17546,0
177,220,1,2413.1,-9.5517,-10.112,0,0.15002,315,1,1626.8,-9.8198,-9.0097,0,0.17222,0
178,220,1,2413.2,-9.6309,-10.095,0,0.23113,315,1,1626.9,-9.9623,-9.0693,0,0.19713,0
179,220,1,2413.3,-9.7243,-10.182,0,0.22618,315,1,1627,-10.071,-9.103,0,0.15108,0
180,220,1,2413.4,-9.9081,-10.242,0,0.25732,315,1,1627.1,-10.218,-9.1069,0,0.24968,0
181,220,1,2413.5,-10.083,-10.268,0,0.16016,315,1,1627.2,-10.335,-9.1154,0,0.16495,0
182,220,1,2413.6,-10.221,-10.33,0,0.15294,315,1,1627.3,-10.431,-9.1173,0,0.10037,0
183,220,1,2413.7,-10.344,-10.343,0,0.17572,315,1,1627.4,-10.49,-9.1458,0,0.24626,0
184,220,1,2413.8,-10.533,-10.377,0,0.19776,315,1,1627.5,-10.576,-9.162,0,0.1039,0
185,220,1,2413.9,-10.683,-10.36,0,0.20746,315,1,1627.6,-10.672,-9.172,0,0.071197,0
186,220,1,2414,-10.834,-10.354,0,0.12113,315,1,1627.7,-10.783,-9.163,0,0.30043,0
187,220,1,2414.1,-11.005,-10.353,0,0.12252,315,1,1627.8,-10.934,-9.1477,0,0.061497,0
188,220,1,2414.2,-11.108,-10.321,0,0.11036,315,1,1627.9,-11.03,-9.1435,0,0.12817,0
189,220,1,2414.3,-11.263,-10.308,0,0.31271,315,1,1628,-11.149,-9.1301,0,0.080913,0
190,220,1,2414.4,-11.414,-10.3,0,0.15791,315,1,1628.1,-11.251,-9.0949,0,0.126,0
191,220,1,2414.5,-11.559,-10.26,0,0.17797,315,1,1628.2,-11.384,-9.0646,0,0.094836,0
192,220,1,2414.6,-11.736,-10.258,0,0.22457,315,1,1628.3,-11.514,-9.0651,0,0.12194,0
193,220,1,2414.7,-11.87,-10.226,0,0.17147,315,1,1628.4,-11.62,-9.0156,0,0.076772,0
194,220,1,2414.8,-11.951,-10.169,0,0.14696,315,1,1628.5,-11.726,-8.9836,0,0.22137,0
195,220,1,2414.9,-12.119,-10.107,0,0.16904,315,1,1628.6,-11.875,-8.965,0,0.28761,0
196,220,1,2415,-12.241,-10.077,0,0.077713,315,1,1628.7,-11.956,-8.9339,0,0.074345,0
197,220,1,2415.1,-12.386,-10.047,0,0.17684,315,1,1628.8,-12.005,-8.9027,0,0.34,0
198,220,1,2415.2,-12.536,-9.9839,0,0.15273,315,1,1628.9,-12.177,-8.8548,0,0.21852,0
199,220,1,2415.4,-12.669,-9.931,0,0.28414,315,1,1629,-12.296,-8.8047,0,0.15522,0
200,220,1,2415.5,-12.678,-9.8506,0,0.3929,315,1,1629.1,-12.412,-8.7577,0,0.13513,0
201,220,1,2415.6,-12.719,-9.7225,0,0.27215,315,1,1629.2,-12.564,-8.7285,0,0.098462,0
202,220,1,2415.7,-12.673,-9.5697,0,0.83829,315,1,1629.3,-12.663,-8.7066,0,0.13066,0
203,220,1,2415.8,-12.858,-9.5814,0,0.25804,315,1,1629.4,-12.722,-8.6579,0,0.21976,0
204,220,1,2415.9,-13.061,-9.5835,0,0.15011,315,1,1629.5,-12.778,-8.6411,0,0.27458,0
205,220,1,2416,-13.16,-9.5381,0,0.38842,315,1,1629.6,-12.88,-8.5955,0,0.11173,0
206,220,1,2416.1,-13.369,-9.5101,0,0.18931,315,1,1629.7,-12.997,-8.526,0,0.095914,0
207,220,1,2416.2,-13.55,-9.4208,0,0.23335,315,1,1629.8,-13.054,-8.434,0,0.28983,0
208,220,1,2416.3,-13.701,-9.3883,0,0.19,315,1,1629.9,-13.162,-8.3766,0,0.078337,0
209,220,1,2416.4,-13.868,-9.3339,0,0.15564,315,1,1630,-13.248,-8.2192,0,0.33542,0
210,220,1,2416.5,-13.982,-9.2747,0,0.15706,315,1,1630.1,-13.353,-8.1512,0,0.19885,0
211,220,1,2416.6,-14.084,-9.1983,0,0.12522,315,1,1630.3,-13.398,-7.8769,0,0.40747,0
212,220,1,2416.7,-14.201,-9.1479,0,0.17155,315,1,1630.4,-13.552,-7.8321,0,0.30939,0
213,220,1,2416.8,-14.341,-9.0513,0,0.22749,315,1,1630.5,-13.641,-7.8158,0,0.22695,0
214,220,1,2416.9,-14.425,-8.9368,0,0.13902,315,1,1630.6,-13.751,-7.7667,0,0.40866,0
215,220,1,2417,-14.484,-8.8391,0,0.26972,315,1,1630.7,-13.799,-7.6499,0,0.28347,0
216,220,1,2417.1,-14.57,-8.7779,0,0.16335,315,1,1630.8,-13.894,-7.6192,0,0.1258,0
217,220,1,2417.2,-14.662,-8.7083,0,0.25747,315,1,1630.9,-13.919,-7.6239,0,0.37396,0
218,220,1,2417.3,-14.738,-8.6088,0,0.14972,315,1,1631,-14.018,-7.532,0,0.32912,0
219,220,1,2417.4,-14.787,-8.5436,0,0.34518,315,1,1631.1,-14.054,-7.4785,0,0.095261,0
220,220,1,2417.5,-14.901,-8.3616,0,0.2875,315,1,1631.2,-14.14,-7.4089,0,0.25142,0
221,220,1,2417.6,-15.013,-8.2207,0,0.17609,315,1,1631.3,-14.178,-7.3419,0,0.22014,0
222,220,1,2417.7,-15.109,-8.0934,0,0.11803,315,1,1631.4,-14.256,-7.2524,0,0.23612,0
223,220,1,2417.8,-15.181,-7.9874,0,0.10741,315,1,1631.5,-14.298,-7.1832,0,0.06785,0
224,220,1,2417.9,-15.258,-7.8761,0,0.093208,315,1,1631.6,-14.333,-7.0725,0,0.21062,0
225,220,1,2418,-15.303,-7.737,0,0.063437,315,1,1631.7,-14.393,-6.9678,0,0.17484,0
226,220,1,2418.1,-15.371,-7.5992,0,0.13082,315,1,1631.8,-14.448,-6.8887,0,0.1906,0
227,220,1,2418.2,-15.438,-7.4859,0,0.12117,315,1,1631.9,-14.535,-6.7148,0,0.37695,0
228,220,1,2418.3,-15.53,-7.3425,0,0.087354,315,1,1632,-14.524,-6.6385,0,0.10136,0
229,220,1,2418.4,-15.608,-7.2148,0,0.14729,315,1,1632.1,-14.586,-6.501,0,0.33605,0
230,220,1,2418.5,-15.624,-7.0921,0,0.11613,315,1,1632.2,-14.616,-6.3767,0,0.17574,0
231,220,1,2418.6,-15.675,-6.9738,0,0.10944,315,1,1632.3,-14.653,-6.2698,0,0.16368,0
232,220,1,2418.7,-15.724,-6.821,0,0.14079,315,1,1632.4,-14.682,-6.1528,0,0.15475,0
233,220,1,2418.8,-15.769,-6.698,0,0.17913,315,1,1632.5,-14.706,-6.0496,0,0.17425,0
234,220,1,2418.9,-15.792,-6.5753,0,0.10222,315,1,1632.6,-14.741,-5.9114,0,0.20123,0
235,220,1,2419,-15.854,-6.4493,0,0.27094,315,1,1632.7,-14.721,-5.8041,0,0.24726,0
236,220,1,2419.1,-15.889,-6.2705,0,0.15112,315,1,1632.8,-14.757,-5.6378,0,0.26874,0
237,220,1,2419.2,-15.929,-6.1366,0,0.074599,315,1,1632.9,-14.806,-5.575,0,0.20955,0
238,220,1,2419.3,-15.863,-6.004,0,0.26359,315,1,1633,-14.828,-5.4981,0,0.19924,0
239,220,1,2419.4,-15.899,-5.8371,0,0.16854,315,1,1633.1,-14.817,-5.4554,0,0.13682,0
240,220,1,2419.5,-15.939,-5.653,0,0.14236,315,1,1633.2,-14.815,-5.3333,0,0.14077,0
241,220,1,2419.6,-15.961,-5.485,0,0.11015,315,1,1633.3,-14.792,-5.2258,0,0.1325,0
242,220,1,2419.7,-16.016,-5.3221,0,0.20434,315,1,1633.4,-14.785,-5.1138,0,0.17549,0
243,220,1,2419.8,-16.028,-5.1333,0,0.16972,315,1,1633.5,-14.821,-5.0059,0,0.14034,0
244,220,1,2419.9,-16.068,-4.9212,0,0.30416,315,1,1633.6,-14.842,-4.8913,0,0.1735,0
245,220,1,2420,-16.044,-4.7467,0,0.23478,315,1,1633.7,-14.868,-4.7895,0,0.28567,0
246,220,1,2420.1,-16.019,-4.5784,0,0.22101,315,1,1633.8,-14.861,-4.6982,0,0.12033,0
247,220,1,2420.2,-16.021,-4.4108,0,0.24056,315,1,1633.9,-14.837,-4.5838,0,0.191,0
248,220,1,2420.3,-15.98,-4.3628,0,0.15167,315,1,1634,-14.812,-4.4969,0,0.1503,0
249,220,1,2420.4,-15.957,-4.2165,0,0.076426,315,1,1634.1,-14.751,-4.4016,0,0.13701,0
250,220,1,2420.5,-15.926,-4.0927,0,0.14714,315,1,1634.2,-14.733,-4.3534,0,0.20131,0
251,220,1,2420.6,-15.899,-3.9399,0,0.15739,315,1,1634.3,-14.67,-4.2029,0,0.22911,0
252,220,1,2420.7,-15.892,-3.829,0,0.11176,315,1,1634.4,-14.63,-4.0785,0,0.14475,0
253,220,1,2420.8,-15.84,-3.7153,0,0.07449,315,1,1634.5,-14.588,-3.9765,0,0.17579,0
254,220,1,2420.9,-15.801,-3.5685,0,0.12143,315,1,1634.6,-14.546,-3.8757,0,0.15763,0
255,220,1,2421,-15.746,-3.4569,0,0.069503,315,1,1634.7,-14.499,-3.7479,0,0.14404,0
0,220,1,2421.1,-15.706,-3.3434,0,0.078023,315,1,1634.8,-14.447,-3.6409,0,0.14226,0
1,220,1,2421.2,-15.671,-3.2287,0,0.15253,315,1,1634.9,-14.456,-3.5423,0,0.20448,0
2,220,1,2421.3,-15.622,-3.088,0,0.10324,315,1,1635,-14.392,-3.4292,0,0.12557,0
3,220,1,2421.4,-15.562,-2.9699,0,0.1651,315,1,1635.1,-14.338,-3.3267,0,0.17558,0
4,220,1,2421.5,-15.486,-2.8107,0,0.086505,315,1,1635.2,-14.321,-3.2324,0,0.25767,0
5,220,1,2421.6,-15.418,-2.6701,0,0.13501,315,1,1635.3,-14.277,-3.168,0,0.10331,0
6,220,1,2421.7,-15.331,-2.5476,0,0.086976,315,1,1635.4,-14.188,-3.1382,0,0.1719,0
7,220,1,2421.8,-15.263,-2.4133,0,0.21111,315,1,1635.5,-14.129,-3.0704,0,0.10565,0
8,220,1,2421.9,-15.196,-2.3121,0,0.13435,315,1,1635.6,-14.07,-2.9707,0,0.083614,0
9,220,1,2422,-15.111,-2.1931,0,0.1159,315,1,1635.7,-14.038,-2.8902,0,0.064244,0
10,220,1,2422.1,-15.006,-2.0974,0,0.10857,315,1,1635.8,-13.938,-2.8306,0,0.11666,0
11,220,1,2422.2,-14.921,-1.984,0,0.09678,315,1,1635.9,-13.888,-2.6999,0,0.22131,0
12,220,1,2422.3,-14.819,-1.8851,0,0.11378,315,1,1636,-13.827,-2.6219,0,0.12878,0
13,220,1,2422.4,-14.717,-1.7822,0,0.11709,315,1,1636.1,-13.755,-2.5678,0,0.11235,0
14,220,1,2422.5,-14.591,-1.7168,0,0.069418,315,1,1636.2,-13.685,-2.5183,0,0.10625,0
15,220,1,2422.6,-14.443,-1.5869,0,0.15279,315,1,1636.3,-13.608,-2.4606,0,0.054403,0
16,220,1,2422.7,-14.345,-1.508,0,0.12253,315,1,1636.4,-13.505,-2.4117,0,0.13142,0
17,220,1,2422.8,-14.24,-1.4096,0,0.15475,315,1,1636.5,-13.415,-2.3467,0,0.14516,0
18,220,1,2422.9,-14.09,-1.3358,0,0.26844,315,1,1636.6,-13.301,-2.2844,0,0.092224,0
19,220,1,2423,-14.015,-1.2613,0,0.13676,315,1,1636.7,-13.201,-2.2171,0,0.088458,0
20,220,1,2423.1,-13.922,-1.1921,0,0.16856,315,1,1636.8,-13.109,-2.1536,0,0.1398,0
21,220,1,2423.2,-13.768,-1.1148,0,0.31164,315,1,1636.9,-13.021,-2.0931,0,0.12185,0
22,220,1,2423.3,-13.649,-0.99795,0,0.25183,315,1,1637,-12.92,-2.0144,0,0.12658,0
23,220,1,2423.4,-13.535,-0.93375,0,0.16992,315,1,1637.1,-12.861,-1.923,0,0.13337,0
24,220,1,2423.5,-13.448,-0.83081,0,0.37993,315,1,1637.2,-12.759,-1.8703,0,0.10733,0
25,220,1,2423.6,-13.308,-0.77616,0,0.17442,315,1,1637.3,-12.691,-1.7796,0,0.14978,0
26,220,1,2423.7,-13.27,-0.69184,0,0.23552,315,1,1637.4,-12.573,-1.709,0,0.12524,0
27,220,1,2423.8,-13.172,-0.63187,0,0.14357,315,1,1637.5,-12.47,-1.6394,0,0.09283,0
28,220,1,2423.9,-13.088,-0.58482,0,0.12218,315,1,1637.6,-12.368,-1.5683,0,0.086968,0
29,220,1,2424,-13.009,-0.52099,0,0.1424,315,1,1637.7,-12.312,-1.4856,0,0.2559,0
30,220,1,2424.1,-12.96,-0.47829,0,0.14036,315,1,1637.8,-12.177,-1.3857,0,0.10732,0
31,220,1,2424.2,-12.895,-0.42162,0,0.10179,315,1,1637.9,-12.092,-1.2725,0,0.062989,0
32,220,1,2424.3,-12.876,-0.34177,0,0.22637,315,1,1638,-11.958,-1.1202,0,0.21346,0
33,220,1,2424.4,-12.882,-0.25769,0,0.21897,315,1,1638.1,-11.919,-1.0097,0,0.25189,0
34,220,1,2424.5,-12.864,-0.20064,0,0.10329,315,1,1638.2,-11.819,-0.90365,0,0.10704,0
35,220,1,2424.6,-12.879,-0.15016,0,0.094318,315,1,1638.3,-11.761,-0.75125,0,0.13943,0
36,220,1,2424.7,-12.877,-0.088099,0,0.13296,315,1,1638.4,-11.697,-0.61863,0,0.11887,0
37,220,1,2424.8,-12.856,-0.019255,0,0.18445,315,1,1638.5,-11.656,-0.46786,0,0.11568,0
38,220,1,2424.9,-12.832,0.030655,0,0.058675,315,1,1638.6,-11.621,-0.33011,0,0.15446,0
39,220,1,2425,-12.831,0.08024,0,0.12143,315,1,1638.7,-11.58,-0.194,0,0.14062,0
40,220,1,2425.1,-12.784,0.12435,0,0.15255,315,1,1638.8,-11.595,-0.063032,0,0.10483,0
41,220,1,2425.2,-12.824,0.21658,0,0.10915,315,1,1638.9,-11.571,0.091523,0,0.1343,0
42,220,1,2425.3,-12.846,0.31342,0,0.15851,315,1,1639,-11.539,0.24315,0,0.18637,0
43,220,1,2425.4,-12.794,0.41458,0,0.39603,315,1,1639.1,-11.537,0.40032,0,0.13172,0
44,220,1,2425.5,-12.77,0.49295,0,0.16008,315,1,1639.2,-11.557,0.52048,0,0.17112,0
45,220,1,2425.6,-12.784,0.56901,0,0.15455,315,1,1639.3,-11.572,0.63043,0,0.10896,0
46,220,1,2425.7,-12.792,0.67385,0,0.16171,315,1,1639.4,-11.59,0.75143,0,0.13482,0
47,220,1,2425.8,-12.806,0.71645,0,0.25646,315,1,1639.5,-11.565,0.88225,0,0.16529,0
48,220,1,2425.9,-12.793,0.82697,0,0.14661,315,1,1639.6,-11.58,0.96622,0,0.12492,0
49,220,1,2426,-12.842,0.97977,0,0.099212,315,1,1639.7,-11.581,1.0747,0,0.14498,0
50,220,1,2426.1,-12.835,1.0966,0,0.092892,315,1,1639.8,-11.566,1.1658,0,0.12421,0
51,220,1,2426.2,-12.824,1.2791,0,0.29605,315,1,1639.9,-11.553,1.2508,0,0.081288,0
52,220,1,2426.3,-12.822,1.4106,0,0.11235,315,1,1640,-11.499,1.3129,0,0.20952,0
53,220,1,2426.4,-12.745,1.4284,0,0.23547,315,1,1640.1,-11.482,1.3767,0,0.154,0
54,220,1,2426.5,-12.721,1.5918,0,0.15277,315,1,1640.2,-11.477,1.3986,0,0.083298,0
55,220,1,2426.6,-12.671,1.6809,0,0.12261,315,1,1640.3,-11.465,1.4006,0,0.11384,0
56,220,1,2426.7,-12.623,1.8067,0,0.1288,315,1,1640.4,-11.449,1.4373,0,0.12146,0
57,220,1,2426.8,-12.538,1.9261,0,0.13839,315,1,1640.5,-11.453,1.4142,0,0.2021,0
58,220,1,2426.9,-12.44,2.0244,0,0.18429,315,1,1640.6,-11.476,1.3981,0,0.10833,0
59,220,1,2427,-12.314,2.1184,0,0.1307,315,1,1640.7,-11.493,1.3455,0,0.11319,0
60,220,1,2427.1,-12.181,2.1769,0,0.11272,315,1,1640.8,-11.489,1.3133,0,0.10934,0
61,220,1,2427.2,-12.06,2.2262,0,0.11802,315,1,1640.9,-11.488,1.3386,0,0.33416,0
62,220,1,2427.3,-11.893,2.2545,0,0.15745,315,1,1641,-11.46,1.2794,0,0.094531,0
63,220,1,2427.4,-11.74,2.3166,0,0.20736,315,1,1641.1,-11.415,1.2362,0,0.13085,0
64,220,1,2427.5,-11.624,2.3493,0,0.17581,315,1,1641.2,-11.357,1.2204,0,0.11405,0
65,220,1,2427.6,-11.501,2.4367,0,0.4089,315,1,1641.3,-11.258,1.1857,0,0.14611,0
66,220,1,2427.7,-11.347,2.4381,0,0.25157,315,1,1641.4,-11.173,1.1618,0,0.072263,0
67,220,1,2427.8,-11.209,2.4216,0,0.21925,315,1,1641.5,-11.078,1.1438,0,0.08853,0
68,220,1,2427.9,-11.107,2.4297,0,0.13022,315,1,1641.6,-10.957,1.1431,0,0.095366,0
69,220,1,2428,-10.988,2.4419,0,0.20587,315,1,1641.7,-10.832,1.1219,0,0.11834,0
70,220,1,2428.1,-10.867,2.4151,0,0.11981,315,1,1641.8,-10.723,1.1076,0,0.12905,0
71,220,1,2428.2,-10.706,2.4228,0,0.22983,315,1,1641.9,-10.606,1.0976,0,0.17153,0
72,220,1,2428.3,-10.55,2.3856,0,0.17248,315,1,1642,-10.483,1.0826,0,0.13402,0
73,220,1,2428.4,-10.432,2.3506,0,0.22957,315,1,1642.1,-10.337,1.0394,0,0.093954,0
74,220,1,2428.6,-10.307,2.3154,0,0.14912,315,1,1642.2,-10.226,1.0225,0,0.11241,0
75,220,1,2428.7,-10.18,2.303,0,0.15928,315,1,1642.3,-10.082,1.0199,0,0.10342,0
76,220,1,2428.8,-10.041,2.2655,0,0.18425,315,1,1642.4,-9.9724,1.0227,0,0.203,0
77,220,1,2428.9,-9.9024,2.2463,0,0.15716,315,1,1642.5,-9.8379,0.983,0,0.11879,0
78,220,1,2429,-9.7437,2.2363,0,0.15514,315,1,1642.6,-9.7262,0.98424,0,0.12271,0
79,220,1,2429.1,-9.6201,2.2197,0,0.14793,315,1,1642.7,-9.581,0.96803,0,0.13382,0
80,220,1,2429.2,-9.4867,2.2083,0,0.1497,315,1,1642.8,-9.433,0.97173,0,0.1381,0
81,220,1,2429.3,-9.3264,2.2143,0,0.14596,315,1,1642.9,-9.3009,0.99064,0,0.11682,0
82,220,1,2429.4,-9.1446,2.2068,0,0.22155,315,1,1643,-9.1482,0.98505,0,0.075589,0
83,220,1,2429.5,-8.96,2.2174,0,0.29476,315,1,1643.1,-8.9828,0.88061,0,0.3133,0
84,220,1,2429.6,-8.9122,2.1781,0,0.21874,315,1,1643.2,-8.8327,0.89051,0,0.1647,0
85,220,1,2429.7,-8.7838,2.1562,0,0.22426,315,1,1643.3,-8.6829,0.8687,0,0.18321,0
86,220,1,2429.8,-8.6309,2.1557,0,0.18174,315,1,1643.5,-8.5441,0.87216,0,0.16715,0
87,220,1,2429.9,-8.4745,2.1827,0,0.18447,315,1,1643.6,-8.4059,0.92532,0,0.1801,0
88,220,1,2430,-8.3324,2.1701,0,0.17682,315,1,1643.7,-8.2695,0.94834,0,0.090026,0
89,220,1,2430.1,-8.201,2.1714,0,0.2246,315,1,1643.8,-8.1301,0.94866,0,0.13749,0
90,220,1,2430.2,-8.0255,2.2146,0,0.31406,315,1,1643.9,-7.9978,0.96209,0,0.16597,0
91,220,1,2430.3,-7.9086,2.1766,0,0.27023,315,1,1644,-7.8445,0.9701,0,0.18351,0
92,220,1,2430.4,-7.7642,2.189,0,0.21743,315,1,1644.1,-7.7107,0.95584,0,0.36769,0
93,220,1,2430.5,-7.6318,2.1612,0,0.10385,315,1,1644.2,-7.5761,0.95298,0,0.1177,0
94,220,1,2430.6,-7.46,2.1756,0,0.24027,315,1,1644.3,-7.449,0.94157,0,0.093387,0
95,220,1,2430.7,-7.2871,2.1465,0,0.24274,315,1,1644.4,-7.342,0.90933,0,0.19318,0
96,220,1,2430.8,-7.1385,2.2031,0,0.36443,315,1,1644.5,-7.1874,0.93033,0,0.087717,0
97,220,1,2430.9,-7.0482,2.1495,0,0.16736,315,1,1644.6,-7.0274,0.90818,0,0.087683,0
98,220,1,2431,-6.9297,2.1692,0,0.26534,315,1,1644.7,-6.8803,0.90193,0,0.1229,0
99,220,1,2431.1,-6.7332,2.2042,0,0.25325,315,1,1644.8,-6.7221,0.89823,0,0.10666,0
100,220,1,2431.2,-6.5509,2.2212,0,0.27822,315,1,1644.9,-6.58,0.91056,0,0.16573,0
101,220,1,2431.3,-6.419,2.2062,0,0.25902,315,1,1645,-6.4482,0.90812,0,0.10016,0
102,220,1,2431.4,-6.275,2.1879,0,0.31535,315,1,1645.1,-6.3033,0.90016,0,0.10668,0
103,220,1,2431.5,-6.1335,2.1848,0,0.21267,315,1,1645.2,-6.13,0.89592,0,0.14555,0
104,220,1,2431.6,-5.9967,2.1596,0,0.23949,315,1,1645.3,-5.9815,0.89506,0,0.14335,0
105,220,1,2431.7,-5.8532,2.1513,0,0.21808,315,1,1645.4,-5.8601,0.90559,0,0.14667,0
106,220,1,2431.8,-5.685,2.1746,0,0.32536,315,1,1645.5,-5.7252,0.92128,0,0.21196,0
107,220,1,2431.9,-5.5597,2.1665,0,0.20733,315,1,1645.6,-5.5808,0.91349,0,0.12527,0
108,220,1,2432,-5.4476,2.1804,0,0.22565,315,1,1645.7,-5.4367,0.92077,0,0.14535,0
109,220,1,2432.1,-5.2929,2.1219,0,0.29422,315,1,1645.8,-5.291,0.86468,0,0.075106,0
110,220,1,2432.2,-5.1605,2.1304,0,0.20433,315,1,1645.9,-5.1346,0.88881,0,0.09362,0
111,220,1,2432.3,-5.0285,2.131,0,0.16032,315,1,1646,-5.0245,0.9044,0,0.22655,0
112,220,1,2432.4,-4.9226,2.1286,0,0.18496,315,1,1646.1,-4.8761,0.92938,0,0.11677,0
113,220,1,2432.5,-4.7821,2.1468,0,0.2058,315,1,1646.2,-4.7283,0.9116,0,0.15863,0
114,220,1,2432.6,-4.6596,2.1423,0,0.17764,315,1,1646.3,-4.5256,0.96638,0,0.3719,0
115,220,1,2432.7,-4.5283,2.1341,0,0.18736,315,1,1646.4,-4.4417,0.94831,0,0.13386,0
116,220,1,2432.8,-4.4154,2.115,0,0.22781,315,1,1646.5,-4.36,0.94446,0,0.15772,0
117,220,1,2432.9,-4.2822,2.1099,0,0.19387,315,1,1646.6,-4.2526,0.90379,0,0.24613,0
118,220,1,2433,-4.1434,2.1091,0,0.18062,315,1,1646.7,-4.0915,0.90186,0,0.1166,0
119,220,1,2433.1,-4.0054,2.0934,0,0.18154,315,1,1646.8,-3.9349,0.88654,0,0.18027,0
120,220,1,2433.2,-3.8731,2.09,0,0.17596,315,1,1646.9,-3.7923,0.88906,0,0.14814,0
121,220,1,2433.3,-3.6985,2.1094,0,0.20865,315,1,1647,-3.6478,0.87592,0,0.13975,0
122,220,1,2433.4,-3.5094,2.0825,0,0.32106,315,1,1647.1,-3.5347,0.86559,0,0.1218,0
123,220,1,2433.5,-3.4046,2.0742,0,0.199,315,1,1647.2,-3.3496,0.86602,0,0.21971,0
124,220,1,2433.6,-3.2704,2.0722,0,0.16901,315,1,1647.3,-3.2227,0.87572,0,0.19499,0
125,220,1,2433.7,-3.1485,2.0553,0,0.16762,315,1,1647.4,-3.0715,0.8664,0,0.17303,0
126,220,1,2433.8,-3.035,2.0333,0,0.17696,315,1,1647.5,-2.9135,0.83424,0,0.28408,0
127,220,1,2433.9,-2.9875,2.0034,0,0.19304,315,1,1647.6,-2.779,0.82603,0,0.26029,0
128,220,1,2434,-2.8374,2.0345,0,0.18541,315,1,1647.7,-2.6559,0.82405,0,0.19145,0
129,220,1,2434.1,-2.7319,2.0214,0,0.16359,315,1,1647.8,-2.5364,0.8231,0,0.1416,0
130,220,1,2434.2,-2.5654,2.0156,0,0.16766,315,1,1647.9,-2.4328,0.82952,0,0.11211,0
131,220,1,2434.3,-2.4045,2.0312,0,0.19571,315,1,1648,-2.3016,0.83275,0,0.095661,0
132,220,1,2434.4,-2.2421,2.0429,0,0.15697,315,1,1648.1,-2.2138,0.8513,0,0.16566,0
133,220,1,2434.5,-2.0802,2.0498,0,0.20666,315,1,1648.2,-2.0808,0.84782,0,0.1165,0
134,220,1,2434.6,-1.9196,2.0534,0,0.22831,315,1,1648.3,-1.957,0.82891,0,0.26812,0
135,220,1,2434.7,-1.755,2.0377,0,0.21527,315,1,1648.4,-1.8234,0.78796,0,0.31177,0
136,220,1,2434.8,-1.5941,2.047,0,0.15303,315,1,1648.5,-1.6736,0.80773,0,0.1692,0
137,220,1,2434.9,-1.481,2.0402,0,0.18641,315,1,1648.6,-1.5144,0.81941,0,0.17197,0
138,220,1,2435,-1.3209,2.0625,0,0.2155,315,1,1648.7,-1.3785,0.85193,0,0.17495,0
139,220,1,2435.1,-1.2337,2.0312,0,0.1881,315,1,1648.8,-1.2305,0.84751,0,0.22462,0
140,220,1,2435.2,-1.0647,2.079,0,0.25396,315,1,1648.9,-1.0983,0.8652,0,0.17287,0
141,220,1,2435.3,-0.91971,2.1018,0,0.19125,315,1,1649,-0.95232,0.9036,0,0.18306,0
142,220,1,2435.4,-0.81225,2.0863,0,0.13438,315,1,1649.1,-0.81227,0.90572,0,0.2684,0
143,220,1,2435.5,-0.68584,2.094,0,0.21968,315,1,1649.2,-0.66638,0.88835,0,0.20014,0
144,220,1,2435.6,-0.5652,2.0909,0,0.25049,315,1,1649.3,-0.5529,0.88303,0,0.12925,0
145,220,1,2435.7,-0.42548,2.0832,0,0.14421,315,1,1649.4,-0.4359,0.8585,0,0.14019,0
146,220,1,2435.8,-0.2962,2.0792,0,0.16264,315,1,1649.5,-0.33371,0.87295,0,0.17441,0
147,220,1,2435.9,-0.1506,2.0769,0,0.16742,315,1,1649.6,-0.19385,0.90013,0,0.18562,0
148,220,1,2436,-0.11447,2.0362,0,0.39742,315,1,1649.7,-0.04759,0.89361,0,0.11783,0
149,220,1,2436.1,0.051316,2.0428,0,0.15389,315,1,1649.8,0.074286,0.90712,0,0.16787,0
150,220,1,2436.2,0.17273,2.0298,0,0.17376,315,1,1649.9,0.20286,0.90911,0,0.11125,0
151,220,1,2436.3,0.29882,2.038,0,0.16655,315,1,1650,0.33585,0.93503,0,0.13925,0
152,220,1,2436.4,0.4499,2.0511,0,0.17521,315,1,1650.1,0.48263,0.94627,0,0.10478,0
153,220,1,2436.5,0.53977,1.99,0,0.37033,315,1,1650.2,0.62942,0.95523,0,0.18518,0
154,220,1,2436.6,0.72009,2.0385,0,0.17193,315,1,1650.3,0.76224,0.96243,0,0.18289,0
155,220,1,2436.7,0.80961,2.0302,0,0.2074,315,1,1650.4,0.89358,0.98409,0,0.20123,0
156,220,1,2436.8,0.98082,2.0283,0,0.23088,315,1,1650.5,1.0228,0.95728,0,0.095211,0
157,220,1,2436.9,1.1118,2.037,0,0.1843,315,1,1650.6,1.1326,0.96829,0,0.16407,0
158,220,1,2437,1.2243,2.0281,0,0.19912,315,1,1650.7,1.2716,0.96505,0,0.16056,0
159,220,1,2437.1,1.4245,2.0506,0,0.22818,315,1,1650.8,1.3995,0.94584,0,0.10816,0
160,220,1,2437.2,1.5617,2.0381,0,0.18698,315,1,1650.9,1.5446,0.93313,0,0.16576,0
161,220,1,2437.3,1.6871,2.0525,0,0.1958,315,1,1651,1.7106,0.95543,0,0.17062,0
162,220,1,2437.4,1.8002,2.0714,0,0.13705,315,1,1651.1,1.8441,0.95232,0,0.12869,0
163,220,1,2437.5,1.9637,2.1043,0,0.21566,315,1,1651.2,1.9763,1.0011,0,0.13954,0
164,220,1,2437.6,2.1109,2.1086,0,0.25636,315,1,1651.3,2.122,0.98842,0,0.18351,0
165,220,1,2437.7,2.2387,2.1052,0,0.17026,315,1,1651.4,2.278,0.99573,0,0.10419,0
166,220,1,2437.8,2.3868,2.1026,0,0.17629,315,1,1651.5,2.3716,0.95418,0,0.15086,0
167,220,1,2437.9,2.5685,2.119,0,0.24718,315,1,1651.6,2.5111,0.99258,0,0.30322,0
168,220,1,2438,2.6833,2.1076,0,0.20221,315,1,1651.7,2.6482,0.98322,0,0.14623,0
169,220,1,2438.1,2.8211,2.0728,0,0.18938,315,1,1651.8,2.7657,0.96422,0,0.1847,0
170,220,1,2438.2,2.9835,2.0917,0,0.1535,315,1,1651.9,2.9107,0.94639,0,0.16636,0
171,220,1,2438.3,3.0897,2.0947,0,0.16528,315,1,1652,3.0906,1.0518,0,0.40264,0
172,220,1,2438.4,3.2407,2.1067,0,0.22121,315,1,1652.1,3.2242,1.0053,0,0.11324,0
173,220,1,2438.5,3.3856,2.0959,0,0.26333,315,1,1652.2,3.3633,0.99812,0,0.18831,0
174,220,1,2438.6,3.5486,2.1128,0,0.20431,315,1,1652.3,3.5008,0.99769,0,0.090795,0
175,220,1,2438.7,3.6606,2.1232,0,0.26735,315,1,1652.4,3.6606,1.0154,0,0.10087,0
176,220,1,2438.8,3.7921,2.1386,0,0.18721,315,1,1652.5,3.821,1.0203,0,0.1953,0
177,220,1,2438.9,3.9187,2.1913,0,0.134,315,1,1652.6,3.9399,1.0328,0,0.19739,0
178,220,1,2439,4.0251,2.1692,0,0.15617,315,1,1652.7,4.1059,1.042,0,0.15678,0
179,220,1,2439.1,4.1207,2.1861,0,0.1446,315,1,1652.8,4.244,1.0189,0,0.12729,0
180,220,1,2439.2,4.2712,2.1875,0,0.21745,315,1,1652.9,4.3863,0.99903,0,0.097525,0
181,220,1,2439.3,4.406,2.2227,0,0.13284,315,1,1653,4.535,1.0232,0,0.18755,0
182,220,1,2439.4,4.5486,2.217,0,0.16355,315,1,1653.1,4.6753,1.0159,0,0.13593,0
183,220,1,2439.5,4.6088,2.1933,0,0.26686,315,1,1653.2,4.8066,1.0089,0,0.03075,0
184,220,1,2439.6,4.7862,2.1997,0,0.18833,315,1,1653.3,4.9435,1.0254,0,0.098317,0
185,220,1,2439.7,4.9447,2.2163,0,0.21442,315,1,1653.4,5.0477,1.0223,0,0.081014,0
186,220,1,2439.8,5.1017,2.2115,0,0.12532,315,1,1653.5,5.1778,1.0152,0,0.11091,0
187,220,1,2439.9,5.2599,2.1896,0,0.18425,315,1,1653.6,5.325,1.0113,0,0.077185,0
188,220,1,2440,5.4052,2.1798,0,0.17228,315,1,1653.7,5.4455,0.99431,0,0.056322,0
189,220,1,2440.1,5.5622,2.1509,0,0.21309,315,1,1653.8,5.6044,0.99249,0,0.1137,0
190,220,1,2440.2,5.6993,2.1384,0,0.21616,315,1,1653.9,5.7274,0.99889,0,0.092254,0
191,220,1,2440.3,5.8365,2.12,0,0.197,315,1,1654,5.8611,0.96934,0,0.068146,0
192,220,1,2440.4,5.9617,2.1185,0,0.18075,315,1,1654.1,5.9908,0.94201,0,0.14724,0
193,220,1,2440.5,6.1176,2.1252,0,0.16809,315,1,1654.2,6.129,0.9378,0,0.13816,0
194,220,1,2440.6,6.2618,2.1253,0,0.14989,315,1,1654.3,6.2627,0.93748,0,0.15289,0
195,220,1,2440.7,6.3978,2.1348,0,0.2189,315,1,1654.4,6.3946,0.94246,0,0.087124,0
196,220,1,2440.8,6.5603,2.1435,0,0.2024,315,1,1654.5,6.5304,0.95337,0,0.12597,0
197,220,1,2440.9,6.7067,2.129,0,0.24712,315,1,1654.6,6.661,0.93945,0,0.13691,0
198,220,1,2441,6.8561,2.1147,0,0.21824,315,1,1654.7,6.8006,0.93619,0,0.15191,0
199,220,1,2441.1,7.0005,2.0935,0,0.2297,315,1,1654.8,6.8725,0.87988,0,0.32671,0
200,220,1,2441.2,7.1568,2.0662,0,0.26111,315,1,1654.9,7.0159,0.90474,0,0.16155,0
201,220,1,2441.3,7.2349,2.011,0,0.39757,315,1,1655,7.1926,0.89399,0,0.098308,0
202,220,1,2441.4,7.3785,2.0203,0,0.16265,315,1,1655.1,7.387,0.87346,0,0.10982,0
203,220,1,2441.5,7.5497,2.0921,0,0.13224,315,1,1655.2,7.6055,0.88136,0,0.21909,0
204,220,1,2441.6,7.6805,2.0698,0,0.17318,315,1,1655.3,7.7433,0.90643,0,0.11018,0
205,220,1,2441.7,7.807,2.089,0,0.18541,315,1,1655.4,7.8971,0.94157,0,0.10001,0
206,220,1,2441.9,7.9848,2.0802,0,0.16427,315,1,1655.5,8.0093,0.96549,0,0.2672,0
207,220,1,2442,8.0851,2.0112,0,0.40134,315,1,1655.6,8.1541,0.95467,0,0.13994,0
208,220,1,2442.1,8.285,2.0426,0,0.21607,315,1,1655.7,8.2278,0.99315,0,0.32666,0
209,220,1,2442.2,8.4754,2.0378,0,0.20183,315,1,1655.8,8.3807,0.98041,0,0.15452,0
210,220,1,2442.3,8.6285,2.0562,0,0.23343,315,1,1655.9,8.5182,0.969,0,0.14886,0
211,220,1,2442.4,8.7928,2.0786,0,0.19299,315,1,1656,8.6881,0.95308,0,0.10621,0
212,220,1,2442.5,8.9533,2.0869,0,0.17155,315,1,1656.1,8.8852,0.94446,0,0.11938,0
213,220,1,2442.6,9.0732,2.0814,0,0.17085,315,1,1656.2,9.0481,0.93218,0,0.098489,0
214,220,1,2442.7,9.2105,2.0304,0,0.3314,315,1,1656.3,9.1887,0.93006,0,0.15032,0
215,220,1,2442.8,9.3654,2.0671,0,0.25966,315,1,1656.4,9.3158,0.91455,0,0.16078,0
216,220,1,2442.9,9.5178,2.0636,0,0.26735,315,1,1656.5,9.4338,0.95831,0,0.12698,0
217,220,1,2443,9.6734,2.0769,0,0.21251,315,1,1656.6,9.5544,0.9711,0,0.10869,0
218,220,1,2443.1,9.8099,2.0975,0,0.24063,315,1,1656.8,9.7058,0.97275,0,0.15379,0
219,220,1,2443.2,9.9572,2.0952,0,0.23962,315,1,1656.9,9.8723,0.94746,0,0.09643,0
220,220,1,2443.3,10.096,2.0857,0,0.19156,315,1,1657,10.027,0.95828,0,0.12181,0
221,220,1,2443.4,10.225,2.097,0,0.15029,315,1,1657.1,10.174,0.94793,0,0.094499,0
222,220,1,2443.5,10.33,2.0756,0,0.18296,315,1,1657.2,10.334,0.9478,0,0.15158,0
223,220,1,2443.6,10.479,2.0971,0,0.21102,315,1,1657.3,10.469,0.94501,0,0.14698,0
224,220,1,2443.7,10.58,2.1198,0,0.14461,315,1,1657.4,10.641,0.94235,0,0.13696,0
225,220,1,2443.8,10.726,2.1353,0,0.2419,315,1,1657.5,10.76,0.9606,0,0.12209,0
226,220,1,2443.9,10.876,2.1659,0,0.19557,315,1,1657.6,10.915,0.98325,0,0.23726,0
227,220,1,2444,11.055,2.1538,0,0.15197,315,1,1657.7,11.068,0.99386,0,0.11588,0
228,220,1,2444.1,11.201,2.1547,0,0.16437,315,1,1657.8,11.217,0.95169,0,0.11507,0
229,220,1,2444.2,11.316,2.1504,0,0.12502,315,1,1657.9,11.365,0.94631,0,0.08899,0
230,220,1,2444.3,11.502,2.1478,0,0.21916,315,1,1658,11.514,0.93549,0,0.144,0
231,220,1,2444.4,11.624,2.1323,0,0.1976,315,1,1658.1,11.648,0.95529,0,0.11937,0
232,220,1,2444.5,11.757,2.1128,0,0.11173,315,1,1658.2,11.8,0.9467,0,0.10121,0
233,220,1,2444.6,11.885,2.1117,0,0.13566,315,1,1658.3,12.011,0.93159,0,0.1684,0
234,220,1,2444.7,12.019,2.121,0,0.18453,315,1,1658.4,12.153,0.93751,0,0.07938,0
235,220,1,2444.8,12.149,2.1105,0,0.15495,315,1,1658.5,12.311,0.92421,0,0.053142,0
236,220,1,2444.9,12.302,2.1065,0,0.23644,315,1,1658.6,12.457,0.92055,0,0.13223,0
237,220,1,2445,12.452,2.1196,0,0.20312,315,1,1658.7,12.558,0.92295,0,0.11611,0
238,220,1,2445.1,12.631,2.116,0,0.18046,315,1,1658.8,12.671,0.91114,0,0.10094,0
239,220,1,2445.2,12.797,2.1076,0,0.18311,315,1,1658.9,12.798,0.91339,0,0.11605,0
240,220,1,2445.3,12.949,2.094,0,0.19838,315,1,1659,12.917,0.93949,0,0.086505,0
241,220,1,2445.4,13.072,2.0738,0,0.18351,315,1,1659.1,13.049,0.91948,0,0.14797,0
242,220,1,2445.5,13.217,2.0805,0,0.18,315,1,1659.2,13.164,0.92473,0,0.12235,0
243,220,1,2445.6,13.361,2.1018,0,0.27258,315,1,1659.3,13.343,0.89972,0,0.076384,0
244,220,1,2445.7,13.501,2.0995,0,0.23718,315,1,1659.4,13.51,0.9082,0,0.10599,0
245,220,1,2445.8,13.617,2.0909,0,0.14601,315,1,1659.5,13.691,0.89835,0,0.096824,0
246,220,1,2445.9,13.774,2.116,0,0.27768,315,1,1659.6,13.829,0.90459,0,0.074331,0
247,220,1,2446,13.906,2.1282,0,0.11786,315,1,1659.7,13.943,0.93965,0,0.16335,0
248,220,1,2446.1,14.041,2.137,0,0.21342,315,1,1659.8,14.076,0.94195,0,0.1249,0
249,220,1,2446.2,14.185,2.1276,0,0.21511,315,1,1659.9,14.2,0.88559,0,0.12193,0
250,220,1,2446.3,14.329,2.1268,0,0.2254,315,1,1660,14.374,0.82078,0,0.11911,0
251,220,1,2446.4,14.456,2.1006,0,0.19384,315,1,1660.1,14.514,0.80961,0,0.093198,0
252,220,1,2446.5,14.561,2.0609,0,0.20356,315,1,1660.2,14.647,0.82207,0,0.1225,0
253,220,1,2446.6,14.717,2.0503,0,0.22635,315,1,1660.3,14.754,0.83252,0,0.088365,0
254,220,1,2446.7,14.85,2.0363,0,0.21954,315,1,1660.4,14.887,0.83925,0,0.098393,0
255,220,1,2446.8,15.058,2.0775,0,0.37275,315,1,1660.5,15.015,0.83851,0,0.079408,0
0,220,1,2446.9,15.159,2.0566,0,0.16232,315,1,1660.6,15.152,0.83634,0,0.10475,0
1,220,1,2447,15.263,2.0703,0,0.15002,315,1,1660.7,15.285,0.87917,0,0.14102,0
2,220,1,2447.1,15.393,2.0827,0,0.1797,315,1,1660.8,15.389,0.8968,0,0.072435,0
3,220,1,2447.2,15.562,2.0677,0,0.27991,315,1,1660.9,15.523,0.87298,0,0.11822,0
4,220,1,2447.3,15.684,2.1181,0,0.41261,315,1,1661,15.647,0.86167,0,0.061761,0
5,220,1,2447.4,15.761,2.0911,0,0.13599,315,1,1661.1,15.795,0.84974,0,0.10969,0
6,220,1,2447.5,15.861,2.0796,0,0.12677,315,1,1661.2,15.932,0.85057,0,0.099376,0
7,220,1,2447.6,15.987,2.0947,0,0.17964,315,1,1661.3,16.071,0.85187,0,0.12831,0
8,220,1,2447.7,16.1,2.0816,0,0.17979,315,1,1661.4,16.223,0.84591,0,0.06148,0
9,220,1,2447.8,16.217,2.064,0,0.15524,315,1,1661.5,16.386,0.843,0,0.093396,0
10,220,1,2447.9,16.349,2.0619,0,0.20325,315,1,1661.6,16.536,0.86776,0,0.13594,0
11,220,1,2448,16.44,2.083,0,0.1962,315,1,1661.7,16.681,0.86044,0,0.094583,0
12,220,1,2448.1,16.532,2.0742,0,0.13263,315,1,1661.8,16.825,0.85889,0,0.10703,0
13,220,1,2448.2,16.646,2.0779,0,0.1215,315,1,1661.9,16.939,0.85958,0,0.13975,0
14,220,1,2448.3,16.785,2.0799,0,0.15496,315,1,1662,17.028,0.83733,0,0.095778,0
15,220,1,2448.4,16.925,2.075,0,0.13588,315,1,1662.1,17.132,0.83648,0,0.077601,0
16,220,1,2448.5,17.089,2.0689,0,0.1569,315,1,1662.2,17.251,0.81324,0,0.10709,0
17,220,1,2448.6,17.239,2.0614,0,0.19373,315,1,1662.3,17.349,0.84156,0,0.14117,0
18,220,1,2448.7,17.351,2.0609,0,0.12106,315,1,1662.4,17.479,0.83815,0,0.072212,0
19,220,1,2448.8,17.484,2.0417,0,0.15444,315,1,1662.5,17.639,0.82751,0,0.10983,0
20,220,1,2448.9,17.618,2.0386,0,0.16547,315,1,1662.6,17.773,0.83431,0,0.089895,0
21,220,1,2449,17.72,2.0391,0,0.15717,315,1,1662.7,17.905,0.80979,0,0.15738,0
22,220,1,2449.1,17.838,2.0392,0,0.14014,315,1,1662.8,18.033,0.8175,0,0.11981,0
23,220,1,2449.2,17.991,2.0371,0,0.14758,315,1,1662.9,18.154,0.84853,0,0.107,0
24,220,1,2449.3,18.134,2.0443,0,0.14352,315,1,1663,18.278,0.85249,0,0.10573,0
25,220,1,2449.4,18.268,2.0583,0,0.12029,315,1,1663.1,18.401,0.85206,0,0.10199,0
26,220,1,2449.5,18.402,2.0549,0,0.14178,315,1,1663.2,18.579,0.85378,0,0.17182,0
27,220,1,2449.6,18.528,2.0331,0,0.082693,315,1,1663.3,18.729,0.85418,0,0.11684,0
28,220,1,2449.7,18.711,2.0326,0,0.28062,315,1,1663.4,18.855,0.86525,0,0.16028,0
29,220,1,2449.8,18.814,2.0328,0,0.11542,315,1,1663.5,18.985,0.85196,0,0.11892,0
30,220,1,2449.9,18.929,2.0302,0,0.1473,315,1,1663.6,19.087,0.86942,0,0.15589,0
31,220,1,2450,19.072,2.0143,0,0.13428,315,1,1663.7,19.222,0.87951,0,0.11183,0
32,220,1,2450.1,19.251,2.0121,0,0.18906,315,1,1663.8,19.31,0.86483,0,0.21669,0
33,220,1,2450.2,19.367,2.0199,0,0.13088,315,1,1663.9,19.443,0.88211,0,0.092144,0
34,220,1,2450.3,19.492,2.0402,0,0.10352,315,1,1664,19.561,0.87012,0,0.099266,0
35,220,1,2450.4,19.654,2.0541,0,0.11936,315,1,1664.1,19.667,0.85569,0,0.10263,0
36,220,1,2450.5,19.77,2.0612,0,0.12908,315,1,1664.2,19.797,0.86972,0,0.10204,0
37,220,1,2450.6,19.883,2.0563,0,0.09448,315,1,1664.3,19.964,0.86475,0,0.11881,0
38,220,1,2450.7,20.024,2.0454,0,0.10416,315,1,1664.4,20.09,0.83184,0,0.26021,0
39,220,1,2450.8,20.161,2.0778,0,0.11087,315,1,1664.5,20.244,0.83191,0,0.098663,0
40,220,1,2450.9,20.315,2.0741,0,0.14902,315,1,1664.6,20.375,0.86113,0,0.099759,0
41,220,1,2451,20.434,2.0604,0,0.1507,315,1,1664.7,20.538,0.88475,0,0.12873,0
42,220,1,2451.1,20.578,2.0903,0,0.15855,315,1,1664.8,20.678,0.88317,0,0.11628,0
43,220,1,2451.2,20.705,2.1076,0,0.1428,315,1,1664.9,20.793,0.874,0,0.095732,0
44,220,1,2451.3,20.844,2.1009,0,0.12019,315,1,1665,20.947,0.87732,0,0.074816,0
45,220,1,2451.4,20.991,2.0982,0,0.076918,315,1,1665.1,21.094,0.86893,0,0.10264,0
46,220,1,2451.5,21.148,2.073,0,0.12432,315,1,1665.2,21.224,0.88701,0,0.23654,0
47,220,1,2451.6,21.295,2.0768,0,0.16134,315,1,1665.3,21.426,0.89067,0,0.16178,0
48,220,1,2451.7,21.448,2.0707,0,0.13764,315,1,1665.4,21.543,0.91301,0,0.081818,0
49,220,1,2451.8,21.608,2.0856,0,0.15432,315,1,1665.5,21.705,0.89007,0,0.085445,0
50,220,1,2451.9,21.719,2.0947,0,0.11049,315,1,1665.6,21.833,0.89732,0,0.078622,0
51,220,1,2452,21.828,2.1172,0,0.11886,315,1,1665.7,21.943,0.90215,0,0.056487,0
52,220,1,2452.1,21.947,2.1499,0,0.074908,315,1,1665.8,22.08,0.90209,0,0.076934,0
53,220,1,2452.2,22.093,2.1614,0,0.10984,315,1,1665.9,22.197,0.91982,0,0.063303,0
54,220,1,2452.3,22.247,2.1844,0,0.14158,315,1,1666,22.353,0.92209,0,0.05395,0
55,220,1,2452.4,22.397,2.1982,0,0.084595,315,1,1666.1,22.502,0.93265,0,0.0682,0
56,220,1,2452.5,22.531,2.2001,0,0.086874,315,1,1666.2,22.59,0.93037,0,0.14144,0
57,220,1,2452.6,22.618,2.1272,0,0.29869,315,1,1666.3,22.716,0.93568,0,0.090413,0
58,220,1,2452.7,22.798,2.1368,0,0.15809,315,1,1666.4,22.858,0.92541,0,0.056559,0
59,220,1,2452.8,22.946,2.1485,0,0.13171,315,1,1666.5,23.002,0.92038,0,0.035331,0
60,220,1,2452.9,23.048,2.1423,0,0.1184,315,1,1666.6,23.119,0.92587,0,0.067416,0
61,220,1,2453,23.167,2.1842,0,0.076144,315,1,1666.7,23.229,0.98778,0,0.37873,0
62,220,1,2453.1,23.278,2.1707,0,0.094762,315,1,1666.8,23.351,0.98763,0,0.10418,0
63,220,1,2453.2,23.371,2.1633,0,0.15441,315,1,1666.9,23.467,0.99085,0,0.098684,0
64,220,1,2453.3,23.564,2.1954,0,0.15541,315,1,1667,23.597,1.0098,0,0.086752,0
65,220,1,2453.4,23.719,2.1809,0,0.21116,315,1,1667.1,23.702,0.9931,0,0.12283,0
66,220,1,2453.5,23.845,2.1717,0,0.094185,315,1,1667.2,23.81,1.0186,0,0.18808,0
67,220,1,2453.6,23.976,2.1526,0,0.085856,315,1,1667.3,23.857,0.99483,0,0.15485,0
68,220,1,2453.7,24.136,2.1043,0,0.32303,315,1,1667.4,23.893,0.96985,0,0.13134,0
69,220,1,2453.8,24.222,2.0445,0,0.12031,315,1,1667.5,23.934,0.9596,0,0.17188,0
70,220,1,2453.9,24.367,1.9531,0,0.14581,315,1,1667.6,23.941,0.94467,0,0.098249,0
71,220,1,2454,24.493,1.9012,0,0.12363,315,1,1667.7,23.948,0.918,0,0.080127,0
72,220,1,2454.1,24.602,1.7784,0,0.13663,315,1,1667.8,23.916,0.86046,0,0.20162,0
73,220,1,2454.2,24.675,1.6978,0,0.19469,315,1,1667.9,23.849,0.81987,0,0.21257,0
74,220,1,2454.3,24.705,1.5887,0,0.11343,315,1,1668,23.797,0.82354,0,0.095386,0
75,220,1,2454.4,24.761,1.4913,0,0.13772,315,1,1668.1,23.783,0.81013,0,0.092544,0
76,220,1,2454.5,24.773,1.3676,0,0.1066,315,1,1668.2,23.726,0.80818,0,0.15101,0
77,220,1,2454.6,24.788,1.3066,0,0.26135,315,1,1668.3,23.703,0.78038,0,0.16617,0
78,220,1,2454.7,24.824,1.1673,0,0.088429,315,1,1668.4,23.673,0.72673,0,0.183,0
79,220,1,2454.8,24.851,1.055,0,0.1885,315,1,1668.5,23.672,0.69682,0,0.0875,0
80,220,1,2454.9,24.806,0.98442,0,0.20616,315,1,1668.6,23.58,0.53958,0,0.41291,0
81,220,1,2455.1,24.805,0.87579,0,0.17898,315,1,1668.7,23.572,0.49223,0,0.071201,0
82,220,1,2455.2,24.759,0.76547,0,0.21303,315,1,1668.8,23.56,0.44693,0,0.12336,0
83,220,1,2455.3,24.739,0.67661,0,0.26055,315,1,1668.9,23.574,0.39186,0,0.10478,0
84,220,1,2455.4,24.73,0.55403,0,0.16971,315,1,1669,23.583,0.29198,0,0.1063,0
85,220,1,2455.5,24.745,0.41371,0,0.1296,315,1,1669.1,23.579,0.19082,0,0.15817,0
86,220,1,2455.6,24.726,0.28297,0,0.16342,315,1,1669.2,23.593,0.10362,0,0.10042,0
87,220,1,2455.7,24.692,0.17358,0,0.27411,315,1,1669.3,23.578,0.026812,0,0.13162,0
88,220,1,2455.8,24.686,0.070272,0,0.18797,315,1,1669.4,23.596,-0.14797,0,0.32469,0
89,220,1,2455.9,24.688,-0.0689,0,0.090648,315,1,1669.5,23.553,-0.16059,0,0.29135,0
90,220,1,2456,24.698,-0.22433,0,0.11278,315,1,1669.6,23.528,-0.25498,0,0.15445,0
91,220,1,2456.1,24.679,-0.35121,0,0.14083,315,1,1669.7,23.536,-0.34858,0,0.19538,0
92,220,1,2456.2,24.688,-0.45834,0,0.15211,315,1,1669.8,23.505,-0.48046,0,0.090957,0
93,220,1,2456.3,24.663,-0.58152,0,0.16813,315,1,1670,23.408,-0.54799,0,0.3304,0
94,220,1,2456.4,24.637,-0.66235,0,0.16667,315,1,1670.1,23.395,-0.6339,0,0.19835,0
95,220,1,2456.5,24.641,-0.76997,0,0.089096,315,1,1670.2,23.422,-0.75598,0,0.067333,0
96,220,1,2456.6,24.642,-0.90548,0,0.10225,315,1,1670.3,23.43,-0.85151,0,0.18063,0
97,220,1,2456.7,24.63,-1.0199,0,0.1248,315,1,1670.4,23.442,-0.93989,0,0.24088,0
98,220,1,2456.8,24.65,-1.0877,0,0.13349,315,1,1670.5,23.451,-1.0066,0,0.12239,0
99,220,1,2456.9,24.664,-1.1835,0,0.1534,315,1,1670.6,23.438,-1.1108,0,0.16913,0
100,220,1,2457,24.646,-1.2899,0,0.13631,315,1,1670.7,23.401,-1.179,0,0.15271,0
101,220,1,2457.1,24.623,-1.3698,0,0.15722,315,1,1670.8,23.375,-1.2283,0,0.1753,0
102,220,1,2457.2,24.619,-1.4903,0,0.14967,315,1,1670.9,23.372,-1.269,0,0.14371,0
103,220,1,2457.3,24.574,-1.6085,0,0.079805,315,1,1671,23.37,-1.3101,0,0.12245,0
104,220,1,2457.4,24.548,-1.6493,0,0.11242,315,1,1671.1,23.359,-1.3137,0,0.15636,0
105,220,1,2457.5,24.499,-1.7372,0,0.10507,315,1,1671.2,23.35,-1.312,0,0.19068,0
106,220,1,2457.6,24.485,-1.8325,0,0.23696,315,1,1671.3,23.341,-1.3338,0,0.18024,0
107,220,1,2457.7,24.43,-1.9267,0,0.098946,315,1,1671.4,23.358,-1.2783,0,0.063616,0
108,220,1,2457.8,24.349,-2.0103,0,0.11988,315,1,1671.5,23.401,-1.2552,0,0.19422,0
109,220,1,2457.9,24.312,-2.0425,0,0.14841,315,1,1671.6,23.418,-1.2231,0,0.11303,0
110,220,1,2458,24.251,-2.1246,0,0.22166,315,1,1671.7,23.496,-1.1975,0,0.11983,0
111,220,1,2458.1,24.193,-2.1707,0,0.19314,315,1,1671.8,23.561,-1.1677,0,0.1993,0
112,220,1,2458.2,24.149,-2.1931,0,0.19881,315,1,1671.9,23.58,-1.1296,0,0.13862,0
113,220,1,2458.3,24.093,-2.2131,0,0.16554,315,1,1672,23.64,-1.1038,0,0.12876,0
114,220,1,2458.4,24.05,-2.2377,0,0.12052,315,1,1672.1,23.671,-1.087,0,0.10441,0
115,220,1,2458.5,24.004,-2.2311,0,0.16081,315,1,1672.2,23.715,-1.0475,0,0.08242,0
116,220,1,2458.6,23.975,-2.1957,0,0.12877,315,1,1672.3,23.723,-0.98568,0,0.13069,0
117,220,1,2458.7,23.952,-2.1666,0,0.13217,315,1,1672.4,23.744,-0.95198,0,0.13151,0
118,220,1,2458.8,23.928,-2.1374,0,0.15301,315,1,1672.5,23.727,-0.91908,0,0.1351,0
119,220,1,2458.9,23.921,-2.1176,0,0.15415,315,1,1672.6,23.734,-0.90269,0,0.14581,0
120,220,1,2459,23.909,-2.1123,0,0.14888,315,1,1672.7,23.748,-0.8897,0,0.16413,0
121,220,1,2459.1,23.914,-2.1262,0,0.19586,315,1,1672.8,23.741,-0.86782,0,0.10274,0
122,220,1,2459.2,23.914,-2.1223,0,0.14043,315,1,1672.9,23.755,-0.85694,0,0.13057,0
123,220,1,2459.3,23.903,-2.1044,0,0.1521,315,1,1673,23.74,-0.86093,0,0.11356,0
124,220,1,2459.4,23.915,-2.0838,0,0.15379,315,1,1673.1,23.73,-0.87198,0,0.11029,0
125,220,1,2459.5,23.904,-2.0802,0,0.12526,315,1,1673.2,23.727,-0.88043,0,0.044594,0
126,220,1,2459.6,23.905,-2.081,0,0.14581,315,1,1673.3,23.726,-0.88054,0,0.096354,0
127,220,1,2459.7,23.9,-2.091,0,0.15752,315,1,1673.4,23.717,-0.87696,0,0.10038,0
128,220,1,2459.8,23.905,-2.104,0,0.17714,315,1,1673.5,23.7,-0.87463,0,0.10135,0
129,220,1,2459.9,23.892,-2.0985,0,0.14287,315,1,1673.6,23.709,-0.85979,0,0.13053,0
130,220,1,2460,23.896,-2.0916,0,0.17697,315,1,1673.7,23.691,-0.86248,0,0.11382,0
131,220,1,2460.1,23.876,-2.0731,0,0.16368,315,1,1673.8,23.689,-0.84053,0,0.096206,0
132,220,1,2460.2,23.87,-2.0664,0,0.19491,315,1,1673.9,23.708,-0.84567,0,0.12065,0
133,220,1,2460.3,23.892,-1.995,0,0.12273,315,1,1674,23.715,-0.84331,0,0.10678,0
134,220,1,2460.4,23.884,-2.0104,0,0.22636,315,1,1674.1,23.71,-0.83404,0,0.1559,0
135,220,1,2460.5,23.946,-1.9063,0,0.26853,315,1,1674.2,23.706,-0.82616,0,0.16425,0
136,220,1,2460.6,23.969,-1.8713,0,0.17172,315,1,1674.3,23.72,-0.83302,0,0.19554,0
137,220,1,2460.7,23.961,-1.8479,0,0.14884,315,1,1674.4,23.715,-0.81085,0,0.18334,0
138,220,1,2460.8,23.951,-1.8956,0,0.29479,315,1,1674.5,23.704,-0.813,0,0.15634,0
