89,220,1,2755.163853,0.1439894021,-0.1980450418,0.,0.1975353381,315,1,2755.166372,0.132126798,0.9387643385,0.,0.2828529821,
196,220,1,2920.715162,1.717999574,-0.4692884454,0.,0.3019255656,315,1,2920.717681,1.688531144,0.5994590516,0.,6.564392924e-002,
197,220,1,2920.815923,1.701823978,-0.4831507732,0.,0.3804710489,315,1,2920.818442,1.675725666,0.587757431,0.,7.932572301e-002,
198,220,1,2920.916685,1.779902782,-0.4089533296,0.,0.1946728655,315,1,2920.919204,1.665059936,0.5942134247,0.,8.618396889e-002,
199,220,1,2921.017446,1.807509853,-0.486900346,0.,0.1023779655,315,1,2921.019965,1.672021707,0.5923728719,0.,9.869741014e-002,
200,220,1,2921.118208,1.793645495,-0.4523711127,0.,0.2215610826,315,1,2921.120727,1.675805506,0.5960393737,0.,0.1153616369,
201,220,1,2921.21897,1.763334691,-0.4223469452,0.,0.1961451368,315,1,2921.221489,1.676612936,0.6153595084,0.,8.89612038e-002,
202,220,1,2921.319731,1.738814881,-0.3979581647,0.,0.2224039894,315,1,2921.32225,1.693139757,0.5616677993,0.,0.1090311859,
203,220,1,2921.420493,1.741542883,-0.4320698968,0.,0.1781598203,315,1,2921.423012,1.696282154,0.5720824437,0.,7.428692164e-002,
204,220,1,2921.521254,1.740847263,-0.4401011558,0.,0.1516443247,315,1,2921.523773,1.699011711,0.5390154536,0.,9.771119602e-002,
205,220,1,2921.622016,1.738536051,-0.4327156873,0.,0.2009304904,315,1,2921.624535,1.71275534,0.5439783908,0.,0.1067257158,
206,220,1,2921.722778,1.75681463,-0.4244574085,0.,0.2555989281,315,1,2921.725297,1.717055016,0.5452605416,0.,9.260421279e-002,
207,220,1,2921.823539,1.711223346,-0.4555870537,0.,0.2736460271,315,1,2921.826058,1.710388149,0.5406149887,0.,0.1045392054,
208,220,1,2921.924301,1.693206804,-0.4751088692,0.,0.1815396114,315,1,2921.92682,1.690641397,0.573029528,0.,7.777062129e-002,
209,220,1,2922.025062,1.693441469,-0.5354386786,0.,0.1916378366,315,1,2922.027581,1.6703429,0.5520214173,0.,0.1039240392,
210,220,1,2922.125824,1.70626531,-0.4759282566,0.,0.2480023475,315,1,2922.128343,1.665933858,0.5811468681,0.,9.748752329e-002,
211,220,1,2922.226586,1.740952629,-0.4736012951,0.,0.226656786,315,1,2922.229105,1.65167979,0.5642315765,0.,8.68605111e-002,
212,220,1,2922.327347,1.750119573,-0.4832773063,0.,0.112358617,315,1,2922.329866,1.650140048,0.5662444582,0.,0.1196686103,
213,220,1,2922.428109,1.727826675,-0.5217308921,0.,0.2113904368,315,1,2922.430628,1.656290449,0.5834471463,0.,0.12485671,
214,220,1,2922.52887,1.735636562,-0.6087923367,0.,0.3391705138,315,1,2922.531389,1.659878482,0.565103068,0.,9.169024467e-002,
215,220,1,2922.629632,1.724519407,-0.5447409479,0.,0.2893504236,315,1,2922.632151,1.657942036,0.5539587747,0.,9.010024564e-002,
216,220,1,2922.730394,1.724892175,-0.5287191207,0.,0.2547868353,315,1,2922.732913,1.648047542,0.5524940343,0.,0.1066563767,
217,220,1,2922.831155,1.735839142,-0.4976552394,0.,0.1638682203,315,1,2922.833674,1.65621921,0.562174609,0.,7.615015195e-002,
218,220,1,2922.931917,1.740531548,-0.4587752525,0.,0.3536410452,315,1,2922.934436,1.6695011,0.5667262959,0.,6.421566555e-002,
219,220,1,2923.032678,1.719930636,-0.4511834527,0.,0.2703563261,315,1,2923.035197,1.667625505,0.5645536386,0.,0.1096444143,
220,220,1,2923.13344,1.705040286,-0.4295278261,0.,0.2879470086,315,1,2923.135959,1.665499302,0.5474598096,0.,9.6530045e-002,
221,220,1,2923.234202,1.694326496,-0.3803046709,0.,0.4006378218,315,1,2923.236721,1.688819745,0.5668286888,0.,0.1363888225,
222,220,1,2923.334963,1.703947916,-0.3753936251,0.,0.2737915697,315,1,2923.337482,1.692906144,0.5631620316,0.,0.1195550925,
223,220,1,2923.435725,1.711209156,-0.3934463093,0.,0.2670719619,315,1,2923.438244,1.684826291,0.5785041142,0.,8.318958496e-002,
224,220,1,2923.536486,1.711476379,-0.4249175266,0.,0.2569009813,315,1,2923.539005,1.686231333,0.5935075998,0.,0.1341272632,
225,220,1,2923.637248,1.741195053,-0.4408599485,0.,0.1913341273,315,1,2923.639767,1.689938954,0.5857371843,0.,0.1047793575,
226,220,1,2923.73801,1.778657332,-0.5087183184,0.,0.3195521443,315,1,2923.740529,1.684647177,0.6002796926,0.,9.313464695e-002,
227,220,1,2923.838771,1.791956201,-0.5028516007,0.,0.1497940711,315,1,2923.84129,1.680438166,0.6068461866,0.,8.500057256e-002,
228,220,1,2923.939533,1.825510717,-0.5277603761,0.,0.1547600216,315,1,2923.942052,1.632289213,0.5868912558,0.,0.1822388335,
229,220,1,2924.040294,1.851340739,-0.5588531588,0.,0.1486716683,315,1,2924.042813,1.628829535,0.5738677481,0.,9.0309053e-002,
230,220,1,2924.141056,1.846391666,-0.5707530927,0.,0.269949809,315,1,2924.143575,1.618114052,0.5340313279,0.,6.275870663e-002,
231,220,1,2924.241818,1.882948553,-0.5732121322,0.,9.77922323e-002,315,1,2924.244337,1.59566961,0.5178917329,0.,0.110253012,
232,220,1,2924.342579,1.911285017,-0.5745435989,0.,0.1969711251,315,1,2924.345098,1.555533828,0.5098428054,0.,0.1958232377,
233,220,1,2924.443341,1.954959228,-0.5579573756,0.,0.1351292728,315,1,2924.44586,1.549086278,0.5039434813,0.,0.1079037146,
234,220,1,2924.544102,1.999190007,-0.5771370944,0.,0.121948488,315,1,2924.546621,1.534315495,0.4670855377,0.,0.1649623766,
235,220,1,2924.644864,2.037239087,-0.5954798879,0.,9.986731695e-002,315,1,2924.647383,1.517343345,0.4128285671,0.,9.944362122e-002,
236,220,1,2924.745626,2.070487688,-0.5942111236,0.,0.1214135487,315,1,2924.748145,1.508211952,0.3763321873,0.,0.1550722161,
237,220,1,2924.846387,2.140244912,-0.5995842834,0.,0.189420889,315,1,2924.848906,1.485895118,0.3129745474,0.,9.46115669e-002,
238,220,1,2924.947149,2.189313465,-0.5745484462,0.,5.870124733e-002,315,1,2924.949668,1.461411995,0.2651364732,0.,0.127929699,
239,220,1,2925.04791,2.233799389,-0.6177224662,0.,0.2034399691,315,1,2925.050429,1.44988736,0.2387268521,0.,9.60509429e-002,
240,220,1,2925.148672,2.270891993,-0.6265989011,0.,0.1435791422,315,1,2925.151191,1.436179415,0.2074882493,0.,0.1199060754,
241,220,1,2925.249434,2.324142916,-0.6055876067,0.,0.192000696,315,1,2925.251953,1.408293194,0.1581387511,0.,9.179408565e-002,
242,220,1,2925.350195,2.340244409,-0.5737680973,0.,0.1279375009,315,1,2925.352714,1.391410384,0.1123006415,0.,0.1279793808,
243,220,1,2925.450957,2.379877799,-0.5525231113,0.,0.1595697283,315,1,2925.453476,1.423277274,2.962683334e-002,0.,0.3922698568,
244,220,1,2925.551718,2.401585288,-0.5180017885,0.,0.1606652869,315,1,2925.554237,1.438932524,3.055167064e-003,0.,0.1358148425,
245,220,1,2925.65248,2.421308549,-0.4844482073,0.,0.1601886985,315,1,2925.654999,1.40483744,-3.066948788e-002,0.,0.115875007,
246,220,1,2925.753242,2.456675634,-0.4464861066,0.,0.1468683506,315,1,2925.755761,1.379447858,-6.3812133e-002,0.,0.1348784429,
247,220,1,2925.854003,2.52513784,-0.4054900192,0.,0.2263790053,315,1,2925.856522,1.317671009,-0.1249721307,0.,0.2760689535,
248,220,1,2925.954765,2.537901161,-0.3746477506,0.,0.123668149,315,1,2925.957284,1.360202684,-0.1253800313,0.,0.1105758047,
249,220,1,2926.055526,2.554030653,-0.3677327917,0.,0.1024231077,315,1,2926.058045,1.376229233,-0.1033763151,0.,0.2627836156,
250,220,1,2926.156288,2.577464249,-0.3485383912,0.,8.47363414e-002,315,1,2926.158807,1.399015976,-0.1280393282,0.,0.2585542603,
251,220,1,2926.25705,2.567407487,-0.3133870868,0.,0.1160243859,315,1,2926.259569,1.423605367,-0.1727942736,0.,0.1261348752,
252,220,1,2926.357811,2.590460671,-0.2725622172,0.,0.1065582574,315,1,2926.36033,1.442165852,-0.2065051479,0.,6.083055833e-002,
253,220,1,2926.458593,2.60377227,-0.2462920857,0.,0.128148189,315,1,2926.461112,1.462671439,-0.239922944,0.,8.09174216e-002,
254,220,1,2926.559334,2.631396658,-0.2177543403,0.,0.1474035677,315,1,2926.561853,1.477436421,-0.2731532204,0.,8.471768703e-002,
255,220,1,2926.660096,2.633855199,-0.1979787734,0.,0.132385198,315,1,2926.662615,1.487959073,-0.2967673064,0.,0.126586482,
0,220,1,2926.760858,2.648808371,-0.190626473,0.,0.1278272508,315,1,2926.763377,1.507475315,-0.299570684,0.,8.754464755e-002,
1,220,1,2926.861619,2.654354048,-0.1886801959,0.,0.1295048059,315,1,2926.864138,1.520141006,-0.2369080666,0.,0.2968581266,
2,220,1,2926.962381,2.645515298,-0.1972464326,0.,0.1272612804,315,1,2926.9649,1.516319919,-0.2623149052,0.,7.114017093e-002,
3,220,1,2927.063142,2.660336494,-0.2078984233,0.,0.1710614926,315,1,2927.065661,1.510180007,-0.2789565628,0.,7.014998274e-002,
4,220,1,2927.163904,2.661854823,-0.2094575303,0.,0.1376744555,315,1,2927.166423,1.505660435,-0.2870609555,0.,5.950108018e-002,
5,220,1,2927.264666,2.674080478,-0.2091243233,0.,0.1672361338,315,1,2927.267185,1.503175446,-0.2923493188,0.,6.610168338e-002,
6,220,1,2927.365427,2.668658908,-0.2046645713,0.,0.1567895293,315,1,2927.367946,1.504573734,-0.2915686152,0.,6.182702243e-002,
7,220,1,2927.466189,2.657171176,-0.1955096845,0.,0.1492934997,315,1,2927.468708,1.510123007,-0.2908568488,0.,7.020879252e-002,
8,220,1,2927.56695,2.650533173,-0.1909182092,0.,0.1334306766,315,1,2927.569469,1.511547302,-0.2875870282,0.,8.610691415e-002,
9,220,1,2927.667712,2.639465301,-0.1989955898,0.,0.1092368063,315,1,2927.670231,1.516915473,-0.2876347421,0.,9.838105451e-002,
10,220,1,2927.768474,2.644854813,-0.2089292177,0.,0.1647466593,315,1,2927.770993,1.509093711,-0.2954985324,0.,8.104029542e-002,
11,220,1,2927.869235,2.640462564,-0.2068973429,0.,0.1500482924,315,1,2927.871754,1.507637477,-0.2716501651,0.,0.1063381157,
12,220,1,2927.969997,2.637904857,-0.2207226685,0.,0.1369249669,315,1,2927.972516,1.508942795,-0.2705351708,0.,6.142866426e-002,
13,220,1,2928.070758,2.644517611,-0.2269731641,0.,0.161361312,315,1,2928.073277,1.507969023,-0.2693077574,0.,9.439372783e-002,
14,220,1,2928.17152,2.642250088,-0.2053212787,0.,0.1527344031,315,1,2928.174039,1.495199385,-0.2699430525,0.,6.066231162e-002,
15,220,1,2928.272282,2.639633684,-0.2106838843,0.,0.188633236,315,1,2928.274801,1.500022419,-0.27057861,0.,7.673899781e-002,
16,220,1,2928.373043,2.625073221,-0.2172395362,0.,0.1610858069,315,1,2928.375562,1.498820636,-0.2731067896,0.,9.004091846e-002,
17,220,1,2928.473805,2.618199252,-0.2155225601,0.,0.1421309361,315,1,2928.476324,1.522393775,-0.1860770203,0.,0.3368336111,
18,220,1,2928.574566,2.625119741,-0.2155938836,0.,0.199380936,315,1,2928.577085,1.507921025,-0.2140884455,0.,8.307246761e-002,
19,220,1,2928.675328,2.650135091,-0.1891021836,0.,0.1184252337,315,1,2928.677847,1.487012258,-0.2222173005,0.,0.105132708,
20,220,1,2928.77609,2.642320932,-0.2025744136,0.,0.130715463,315,1,2928.778609,1.49802097,-0.2077494888,0.,0.1039885023,
21,220,1,2928.876851,2.630849639,-0.216710295,0.,0.100894502,315,1,2928.87937,1.490205789,-0.2097487899,0.,7.886899417e-002,
22,220,1,2928.977613,2.630670407,-0.2175265572,0.,0.1682503616,315,1,2928.980132,1.493529556,-0.2302980006,0.,8.352426659e-002,
23,220,1,2929.078374,2.612897649,-0.2137869037,0.,0.1162870566,315,1,2929.080893,1.488285373,-0.2540174555,0.,7.286293772e-002,
24,220,1,2929.179136,2.608554384,-0.2104711005,0.,0.1023784479,315,1,2929.181655,1.492943289,-0.2629032029,0.,0.1151899215,
25,220,1,2929.279898,2.553001007,-0.2205950644,0.,0.176961721,315,1,2929.282417,1.481455392,-0.2640673877,0.,8.472447412e-002,
26,220,1,2929.380659,2.56725075,-0.2362352369,0.,0.122133123,315,1,2929.383178,1.500071883,-0.2596830133,0.,9.384426561e-002,
27,220,1,2929.481421,2.598761201,-0.2446747863,0.,0.1279976774,315,1,2929.48394,1.502379322,-0.2610641763,0.,8.879700018e-002,
28,220,1,2929.582182,2.616587559,-0.2434469601,0.,0.15740151,315,1,2929.584701,1.507246684,-0.2584866905,0.,9.978096901e-002,
29,220,1,2929.682944,2.628603324,-0.2253388108,0.,0.1177544641,315,1,2929.685463,1.512995011,-0.263782245,0.,8.136771876e-002,
30,220,1,2929.783706,2.616647138,-0.2172078616,0.,0.1023722098,315,1,2929.786225,1.512215726,-0.2755797701,0.,9.087824721e-002,
31,220,1,2929.884467,2.627241761,-0.2210036106,0.,0.1230150037,315,1,2929.886986,1.498971476,-0.2707245377,0.,7.356498469e-002,
32,220,1,2929.985229,2.645182252,-0.2390873798,0.,0.1504411266,315,1,2929.987748,1.496993094,-0.2830404727,0.,0.1112266726,
33,220,1,2930.08599,2.664490959,-0.2403105881,0.,0.2184793323,315,1,2930.088509,1.499707759,-0.3038523851,0.,0.1346454418,
34,220,1,2930.186752,2.658387946,-0.2474001573,0.,0.1784031653,315,1,2930.189271,1.503462558,-0.3403248805,0.,0.1613319743,
35,220,1,2930.287514,2.682170846,-0.25696147,0.,0.1509305136,315,1,2930.290033,1.499126242,-0.3415306369,0.,0.1171759423,
36,220,1,2930.388275,2.681715728,-0.2396073086,0.,0.1950507029,315,1,2930.390794,1.499005207,-0.3508553296,0.,0.107923158,
37,220,1,2930.489037,2.689501529,-0.1938675922,0.,0.1189199001,315,1,2930.491556,1.51244471,-0.3741467627,0.,0.1192180597,
38,220,1,2930.589798,2.654448478,-0.1865432079,0.,0.1271593616,315,1,2930.592317,1.517884851,-0.413549255,0.,7.914770451e-002,
39,220,1,2930.69056,2.677570452,-0.1490243429,0.,0.1579562781,315,1,2930.693079,1.534897547,-0.4483364532,0.,7.403714013e-002,
40,220,1,2930.791322,2.66018801,-8.260251805e-002,0.,0.1232173081,315,1,2930.793841,1.547378464,-0.4721609215,0.,0.2126856394,
41,220,1,2930.892083,2.65097794,-6.344983766e-002,0.,0.1055555081,315,1,2930.894602,1.596422654,-0.5093680655,0.,8.12008804e-002,
42,220,1,2930.992845,2.647179656,-2.650526949e-002,0.,0.2502716976,315,1,2930.995364,1.632773629,-0.5420953057,0.,0.1163279558,
43,220,1,2931.093606,2.641133267,1.840478473e-002,0.,0.2415152725,315,1,2931.096125,1.676741017,-0.5184185373,0.,0.2928529796,
44,220,1,2931.194368,2.630110984,6.133310226e-002,0.,7.424202999e-002,315,1,2931.196887,1.728297562,-0.5582771708,0.,0.1237394164,
45,220,1,2931.29513,2.608285951,0.1040174217,0.,0.1266431804,315,1,2931.297649,1.765320933,-0.5739143697,0.,0.1499818908,
46,220,1,2931.395891,2.596779061,0.1675680466,0.,0.2272434937,315,1,2931.39841,1.815714731,-0.6257452079,0.,5.514958166e-002,
47,220,1,2931.496653,2.593275228,0.1872051537,0.,8.514575029e-002,315,1,2931.499172,1.84918753,-0.6781572505,0.,7.269282886e-002,
48,220,1,2931.597414,2.590022092,0.2180919261,0.,0.1421802978,315,1,2931.599933,1.88897713,-0.7010604586,0.,8.447409858e-002,
49,220,1,2931.698176,2.592724211,0.2464788098,0.,0.1629069408,315,1,2931.700695,1.946640484,-0.7016612572,0.,0.115337731,
50,220,1,2931.798938,2.569637051,0.2580537176,0.,0.1291732596,315,1,2931.801457,1.980811961,-0.7377919847,0.,8.113759509e-002,
51,220,1,2931.899699,2.545092959,0.296351715,0.,0.1095755088,315,1,2931.902218,2.023505063,-0.7537387946,0.,0.1398626039,
52,220,1,2932.000461,2.503355906,0.3184455135,0.,5.365946136e-002,315,1,2932.00298,2.084564708,-0.7954594914,0.,0.1523799501,
53,220,1,2932.101222,2.49116316,0.3739395654,0.,0.1245208552,315,1,2932.103741,2.119558368,-0.7540093664,0.,0.145634225,
54,220,1,2932.201984,2.444088754,0.406461488,0.,0.1092198376,315,1,2932.204503,2.154890448,-0.7476945272,0.,0.1926773626,
55,220,1,2932.302746,2.428626739,0.4369565549,0.,0.1568819646,315,1,2932.305265,2.192164499,-0.7196728218,0.,0.1272475792,
56,220,1,2932.403507,2.377056833,0.48840072,0.,0.1146799829,315,1,2932.406026,2.22190618,-0.6640530774,0.,0.2107750568,
57,220,1,2932.504269,2.358796885,0.5055037936,0.,0.1414953963,315,1,2932.506788,2.299287158,-0.576714477,0.,0.4033125677,
58,220,1,2932.60503,2.328716738,0.5088845779,0.,0.1249905858,315,1,2932.607549,2.308643023,-0.5467796991,0.,0.2000722133,
59,220,1,2932.705792,2.302520864,0.536088237,0.,0.1574927635,315,1,2932.708311,2.309123676,-0.5555356286,0.,0.2201606134,
60,220,1,2932.806554,2.284980704,0.5852773457,0.,0.1967404888,315,1,2932.809073,2.305990835,-0.5603269247,0.,0.1812387374,
61,220,1,2932.907315,2.273339784,0.5858628962,0.,0.1327438295,315,1,2932.909834,2.310243773,-0.5563633837,0.,0.1955475194,
62,220,1,2933.008077,2.256521003,0.5801394451,0.,0.1360445338,315,1,2933.010596,2.300917281,-0.5658520065,0.,0.1927056931,
63,220,1,2933.108838,2.252079964,0.5970775512,0.,0.1784200403,315,1,2933.111357,2.28666309,-0.5705705511,0.,0.1718283628,
64,220,1,2933.2096,2.253956739,0.6264234038,0.,0.222088457,315,1,2933.212119,2.282265734,-0.574078001,0.,0.2011469165,
65,220,1,2933.310362,2.270063614,0.622475905,0.,0.1203594666,315,1,2933.312881,2.285066007,-0.563239373,0.,0.2262553739,
66,220,1,2933.411123,2.268894927,0.6176973072,0.,0.1608201031,315,1,2933.413642,2.284662782,-0.5781430387,0.,0.1966271058,
67,220,1,2933.511885,2.269752089,0.5986327999,0.,8.993754816e-002,315,1,2933.514404,2.287013807,-0.5767597084,0.,0.1964485137,
68,220,1,2933.612646,2.25743988,0.5552350868,0.,9.359795197e-002,315,1,2933.615165,2.285129575,-0.5499053345,0.,0.2138892467,
69,220,1,2933.713408,2.228379863,0.5535766589,0.,0.2152623459,315,1,2933.715927,2.283606588,-0.5260684307,0.,0.1966822167,
70,220,1,2933.81417,2.230446685,0.5564041662,0.,0.1056666373,315,1,2933.816689,2.286135647,-0.5284250025,0.,0.160424601,
71,220,1,2933.914931,2.221834737,0.5567034724,0.,0.1552722945,315,1,2933.91745,2.281686389,-0.5283600435,0.,0.2066308621,
72,220,1,2934.015693,2.242607717,0.5527155278,0.,0.1672018957,315,1,2934.018212,2.272966766,-0.4962486094,0.,0.2107904944,
73,220,1,2934.116454,2.239833077,0.5187840859,0.,9.279239977e-002,315,1,2934.118973,2.266649792,-0.4926855288,0.,0.1527278776,
74,220,1,2934.217216,2.251248457,0.5428986814,0.,0.1504027916,315,1,2934.219735,2.269816983,-0.506142056,0.,0.1743800775,
75,220,1,2934.317978,2.252426735,0.5790926869,0.,0.1551296844,315,1,2934.320497,2.264294188,-0.5062118919,0.,0.1579343582,
76,220,1,2934.418739,2.239423498,0.5527015465,0.,0.1394074534,315,1,2934.421258,2.275000085,-0.5271873491,0.,0.1760808997,
77,220,1,2934.519501,2.259084982,0.5660942295,0.,0.1729174993,315,1,2934.52202,2.279265841,-0.5295863328,0.,0.2348574376,
78,220,1,2934.620262,2.255186358,0.5487770262,0.,0.1716725351,315,1,2934.622781,2.281125072,-0.5337745147,0.,0.2286664613,
79,220,1,2934.721024,2.263671059,0.5180271095,0.,0.1878273342,315,1,2934.723543,2.295243891,-0.5394671136,0.,0.1758679757,
80,220,1,2934.821786,2.280721743,0.5215017733,0.,0.1316159202,315,1,2934.824305,2.292853804,-0.5551409996,0.,0.1860918484,
81,220,1,2934.922547,2.305754932,0.6053023287,0.,0.4092750665,315,1,2934.925066,2.28801891,-0.5752410188,0.,0.1694361195,
82,220,1,2935.023329,2.291550482,0.5677212475,0.,0.1039343714,315,1,2935.025848,2.296132329,-0.5939342252,0.,0.1694844675,
83,220,1,2935.12407,2.287868679,0.5562012961,0.,0.1481587497,315,1,2935.126589,2.293276214,-0.603673799,0.,0.2087776079,
84,220,1,2935.224832,2.28100738,0.5541355181,0.,0.1658447224,315,1,2935.227351,2.284513909,-0.604701771,0.,0.1677664032,
85,220,1,2935.325594,2.287630337,0.5529527607,0.,0.1360336805,315,1,2935.328113,2.282911559,-0.5838141207,0.,0.2167380874,
86,220,1,2935.426355,2.274645029,0.5270936613,0.,0.1598613699,315,1,2935.428874,2.285199436,-0.5929953248,0.,0.1700677872,
87,220,1,2935.527117,2.270914518,0.5390857225,0.,0.1219199557,315,1,2935.529636,2.280651962,-0.5730698823,0.,0.1944276908,
88,220,1,2935.627878,2.26289473,0.5181392723,0.,0.1584158997,315,1,2935.630397,2.286628852,-0.5683353142,0.,0.1540792415,
89,220,1,2935.72864,2.263432584,0.5271595117,0.,0.1446305471,315,1,2935.731159,2.299545824,-0.5834485728,0.,0.1413766997,
90,220,1,2935.829402,2.252291781,0.5201277385,0.,0.1719831235,315,1,2935.831921,2.300186691,-0.5661246456,0.,0.2116900032,
91,220,1,2935.930163,2.266830914,0.5122163559,0.,0.1711295679,315,1,2935.932682,2.306599454,-0.5631133068,0.,0.1577337112,
92,220,1,2936.030925,2.263107033,0.5216061722,0.,0.1269750972,315,1,2936.033444,2.308920135,-0.5551921548,0.,0.1507931237,
93,220,1,2936.131686,2.281087923,0.5305734047,0.,0.1345460966,315,1,2936.134205,2.301484828,-0.5728739055,0.,0.1820293101,
94,220,1,2936.232448,2.278941295,0.5295277188,0.,0.1344014192,315,1,2936.234967,2.272517424,-0.5701444319,0.,0.207056192,
95,220,1,2936.33321,2.267912826,0.5208866017,0.,9.711112134e-002,315,1,2936.335729,2.267806555,-0.5609372541,0.,0.1806411745,
96,220,1,2936.433971,2.271994492,0.5089110253,0.,0.1110986504,315,1,2936.43649,2.255950805,-0.5563995364,0.,0.2078030988,
97,220,1,2936.534733,2.251829286,0.4930801446,0.,0.1214360321,315,1,2936.537252,2.253171528,-0.5561894292,0.,0.1711753522,
98,220,1,2936.635494,2.253050632,0.4810040423,0.,9.23052733e-002,315,1,2936.638013,2.2489798,-0.5570257021,0.,0.1632256201,
99,220,1,2936.736256,2.236427059,0.4803616651,0.,0.1048936816,315,1,2936.738775,2.246901184,-0.5601856122,0.,0.1711227753,
100,220,1,2936.837018,2.238000576,0.4932061972,0.,9.496829187e-002,315,1,2936.839537,2.26176056,-0.5576872461,0.,0.2009269858,
101,220,1,2936.937779,2.245726728,0.4938937601,0.,0.1240859025,315,1,2936.940298,2.258361742,-0.5554212324,0.,0.1926419924,
102,220,1,2937.038541,2.24731437,0.4707384766,0.,9.239788539e-002,315,1,2937.04106,2.267552287,-0.5788625513,0.,0.177192085,
103,220,1,2937.139302,2.243683441,0.4833691793,0.,8.248954554e-002,315,1,2937.141821,2.267041651,-0.5709887233,0.,0.141522186,
104,220,1,2937.240064,2.238529113,0.4909446753,0.,9.941743048e-002,315,1,2937.242583,2.268851348,-0.5789817695,0.,0.1283293789,
105,220,1,2937.340826,2.23408106,0.5027794398,0.,0.1594861691,315,1,2937.343345,2.272819019,-0.5744545767,0.,0.1519275309,
106,220,1,2937.441587,2.254836437,0.596426191,0.,0.3719259857,315,1,2937.444106,2.283842714,-0.5599331837,0.,0.1555170556,
107,220,1,2937.542349,2.264662657,0.6786383413,0.,0.2965232028,315,1,2937.544868,2.300223621,-0.5332214444,0.,0.2168335592,
108,220,1,2937.64311,2.258004707,0.6495167585,0.,0.1366589079,315,1,2937.645629,2.312462182,-0.5305853528,0.,0.1942164991,
109,220,1,2937.743872,2.248775885,0.6492774262,0.,0.2330203613,315,1,2937.746391,2.331272112,-0.5296672787,0.,0.1758533399,
110,220,1,2937.844634,2.232647355,0.669141407,0.,0.2194441325,315,1,2937.847153,2.373259178,-0.5264971706,0.,0.1311450448,
111,220,1,2937.945395,2.190416128,0.7188739364,0.,0.1222583142,315,1,2937.947914,2.419496364,-0.490027225,0.,0.1508462465,
112,220,1,2938.046157,2.141636628,0.6634047217,0.,0.1590985928,315,1,2938.048676,2.482419514,-0.4506723157,0.,0.1523376172,
113,220,1,2938.146918,2.107378745,0.6348879606,0.,9.066887066e-002,315,1,2938.149437,2.501035284,-0.4473163537,0.,8.883683737e-002,
114,220,1,2938.24768,2.060852104,0.6397156573,0.,0.1124271379,315,1,2938.250199,2.484533375,-0.4029567432,0.,0.2373368971,
115,220,1,2938.348442,2.002378516,0.6476261584,0.,0.1250171864,315,1,2938.350961,2.534718728,-0.3804931986,0.,5.676963124e-002,
116,220,1,2938.449203,1.97887949,0.634816167,0.,0.132989938,315,1,2938.451722,2.603008822,-0.3668948957,0.,0.1472676517,
117,220,1,2938.549965,1.907537323,0.5959895994,0.,9.373584156e-002,315,1,2938.552484,2.632630804,-0.3553656129,0.,6.03307127e-002,
118,220,1,2938.650726,1.855860423,0.6106542419,0.,0.154262621,315,1,2938.653245,2.653378901,-0.3087140256,0.,6.487489321e-002,
119,220,1,2938.751488,1.79592567,0.6191654427,0.,0.1709976831,315,1,2938.754007,2.658181083,-0.2676895707,0.,9.994094781e-002,
120,220,1,2938.85225,1.736606328,0.5847007054,0.,0.107888722,315,1,2938.854769,2.64940181,-0.1839386642,0.,0.1259561045,
121,220,1,2938.953011,1.678170881,0.6389998699,0.,0.2663733676,315,1,2938.95553,2.665527119,-0.1179240002,0.,0.1178060447,
122,220,1,2939.053773,1.650890792,0.6009639734,0.,0.1334824856,315,1,2939.056292,2.670365721,-5.706495579e-002,0.,9.12042689e-002,
123,220,1,2939.154534,1.597966349,0.6144001597,0.,0.1348539292,315,1,2939.157053,2.649860595,1.670785512e-002,0.,7.062874144e-002,
124,220,1,2939.255296,1.56193464,0.6254773798,0.,0.1122458059,315,1,2939.257815,2.669000326,7.929944765e-002,0.,0.1073818557,
125,220,1,2939.356058,1.559826467,0.6042167291,0.,0.1974481497,315,1,2939.358577,2.677467483,0.1585800972,0.,0.1546433512,
126,220,1,2939.456819,1.549637126,0.5740847059,0.,0.131087038,315,1,2939.459338,2.675975553,0.1957390593,0.,0.1175983401,
127,220,1,2939.557581,1.505362781,0.5458231366,0.,0.1438919822,315,1,2939.5601,2.612834531,0.2509583212,0.,0.2846477774,
128,220,1,2939.658342,1.522518786,0.5001534114,0.,0.168052603,315,1,2939.660861,2.61278667,0.2972392357,0.,9.0927278e-002,
129,220,1,2939.759104,1.522618667,0.4872236165,0.,0.2213736903,315,1,2939.761623,2.606050924,0.3126842713,0.,6.762610047e-002,
130,220,1,2939.859866,1.477147653,0.4538246353,0.,0.1578798575,315,1,2939.862385,2.59834563,0.3607643045,0.,0.1178373987,
131,220,1,2939.960627,1.458951539,0.4085937672,0.,0.1770094281,315,1,2939.963146,2.588483526,0.3798404161,0.,0.1133902692,
132,220,1,2940.061389,1.449407398,0.4035100991,0.,0.1852421073,315,1,2940.063908,2.585888804,0.4058306826,0.,0.1157849695,
133,220,1,2940.16215,1.431053954,0.3873752647,0.,0.1612100519,315,1,2940.164669,2.596553883,0.4110855285,0.,0.1856763495,
134,220,1,2940.262912,1.41124701,0.3781778013,0.,0.2006958414,315,1,2940.265431,2.597400175,0.3998741888,0.,9.521350531e-002,
135,220,1,2940.363674,1.391892511,0.3665568421,0.,0.1540215048,315,1,2940.366193,2.597822912,0.4269979065,0.,0.1359420751,
136,220,1,2940.464435,1.387506836,0.3692335298,0.,0.145885067,315,1,2940.466954,2.607414235,0.4530966783,0.,0.2039202817,
137,220,1,2940.565197,1.382977082,0.3629618338,0.,0.1881881615,315,1,2940.567716,2.595579248,0.4782886163,0.,0.1728618395,
138,220,1,2940.665958,1.392321909,0.3859595286,0.,0.1682753723,315,1,2940.668477,2.592086968,0.4570389334,0.,0.1006910601,
139,220,1,2940.76672,1.394072934,0.3853413662,0.,0.2270982017,315,1,2940.769239,2.601512205,0.4601322615,0.,0.1559927819,
140,220,1,2940.867482,1.393903261,0.3706397317,0.,0.2060954729,315,1,2940.870001,2.599008202,0.4516586788,0.,0.121699763,
141,220,1,2940.968243,1.384206107,0.3816383583,0.,0.2163703364,315,1,2940.970762,2.597530898,0.4641222193,0.,0.179196553,
142,220,1,2941.069005,1.390810559,0.3800180515,0.,0.1998300307,315,1,2941.071524,2.599167214,0.4694238936,0.,0.1736259717,
143,220,1,2941.169766,1.391862549,0.3663675534,0.,0.1795970668,315,1,2941.172285,2.593260988,0.4519407419,0.,0.136471855,
144,220,1,2941.270528,1.407652172,0.3709736807,0.,0.2067085094,315,1,2941.273047,2.591866376,0.4260377017,0.,9.109134705e-002,
145,220,1,2941.37129,1.421342717,0.3619409146,0.,0.1608875539,315,1,2941.373809,2.578886888,0.4222340835,0.,0.1297605274,
146,220,1,2941.472051,1.422110012,0.3758855378,0.,0.1722344205,315,1,2941.47457,2.571083654,0.4115751241,0.,0.1142468266,
147,220,1,2941.572813,1.42993359,0.3913762745,0.,0.1751533946,315,1,2941.575332,2.546686791,0.4084222732,0.,0.1143401039,
148,220,1,2941.673574,1.442453848,0.387645074,0.,0.1429981931,315,1,2941.676093,2.570498162,0.4126422145,0.,0.1882961266,
149,220,1,2941.774336,1.436660462,0.3838752519,0.,0.1221100078,315,1,2941.776855,2.575802537,0.408915905,0.,0.1167468279,
150,220,1,2941.875098,1.43999368,0.3801578956,0.,0.142737616,315,1,2941.877617,2.580570038,0.4006832024,0.,0.1242581631,
151,220,1,2941.975859,1.431813431,0.3792132328,0.,0.1574179107,315,1,2941.978378,2.568090168,0.4126236925,0.,0.1727063062,
152,220,1,2942.076621,1.434304269,0.3787643815,0.,0.160140191,315,1,2942.07914,2.571800142,0.4222343439,0.,0.146996006,
153,220,1,2942.177382,1.448636649,0.3913125236,0.,0.1979394195,315,1,2942.179901,2.559212716,0.4090754873,0.,0.1128016301,
154,220,1,2942.278144,1.450158569,0.3765741092,0.,0.1754341928,315,1,2942.280663,2.561269194,0.4291386074,0.,0.2259703907,
155,220,1,2942.378906,1.450353539,0.362585435,0.,0.1467825639,315,1,2942.381425,2.549321439,0.4204314395,0.,0.1172912928,
156,220,1,2942.479667,1.474225389,0.3657515035,0.,0.1566551034,315,1,2942.482186,2.567459433,0.3956510265,0.,9.068329768e-002,
157,220,1,2942.580429,1.49316139,0.3813601377,0.,0.1617893974,315,1,2942.582948,2.57764427,0.3784062986,0.,8.743789531e-002,
158,220,1,2942.68119,1.479289578,0.3895460908,0.,9.203592261e-002,315,1,2942.683709,2.588240848,0.3873744503,0.,0.108894045,
159,220,1,2942.781952,1.487843815,0.3849661117,0.,0.1407607531,315,1,2942.784471,2.576873219,0.3922918976,0.,0.1197253584,
160,220,1,2942.882714,1.497118791,0.3897651656,0.,0.1395577995,315,1,2942.885233,2.586219533,0.3986652669,0.,9.89447628e-002,
161,220,1,2942.983475,1.517907474,0.3862349757,0.,0.1640367823,315,1,2942.985994,2.589864224,0.4015426589,0.,8.962417194e-002,
162,220,1,2943.084237,1.505718242,0.3966001612,0.,0.1587437535,315,1,2943.086756,2.583664575,0.4108124388,0.,0.1025519056,
163,220,1,2943.184998,1.460199664,0.3876381432,0.,0.1259587539,315,1,2943.187517,2.583105068,0.4219316199,0.,0.1073112028,
164,220,1,2943.28576,1.447195082,0.380412865,0.,0.1966529972,315,1,2943.288279,2.543189829,0.4114726441,0.,5.943105117e-002,
165,220,1,2943.386522,1.429614684,0.3453279174,0.,0.1498464569,315,1,2943.389041,2.534551932,0.4453253629,0.,0.1524906872,
166,220,1,2943.487283,1.425149704,0.3269646703,0.,0.2165109893,315,1,2943.489802,2.498126506,0.5079994633,0.,0.1563978755,
167,220,1,2943.588065,1.380516434,0.2786239478,0.,0.1827329484,315,1,2943.590584,2.467413389,0.5670367086,0.,0.2199568707,
168,220,1,2943.688806,1.358649655,0.2363520394,0.,0.2058261873,315,1,2943.691325,2.397426686,0.6380932953,0.,0.2814470779,
169,220,1,2943.789568,1.326829521,0.1750930276,0.,0.2771042014,315,1,2943.792087,2.352602217,0.6909935572,0.,0.159609629,
170,220,1,2943.89033,1.315643499,0.1121764346,0.,0.1743323564,315,1,2943.892849,2.26283922,0.7129963722,0.,0.2313447759,
171,220,1,2943.991091,1.312241656,4.048333375e-002,0.,0.2043031327,315,1,2943.99361,2.197624831,0.7578757874,0.,0.1499550139,
172,220,1,2944.091853,1.333107306,-1.613679077e-002,0.,0.1540086887,315,1,2944.094372,2.133254404,0.767756283,0.,0.122164309,
173,220,1,2944.192614,1.357024662,-0.1347409626,0.,6.583089591e-002,315,1,2944.195133,2.087070346,0.7922342724,0.,8.983140952e-002,
174,220,1,2944.293376,1.3490134,-0.2439915912,0.,7.089434244e-002,315,1,2944.295895,1.98917954,0.7700144193,0.,0.1107924313,
175,220,1,2944.394138,1.338792051,-0.2854035849,0.,0.1544635093,315,1,2944.396657,1.905009523,0.7303759018,0.,0.1040949624,
176,220,1,2944.494899,1.358374894,-0.352783666,0.,9.058316525e-002,315,1,2944.497418,1.823669948,0.7336852204,0.,4.798076008e-002,
177,220,1,2944.595661,1.346864365,-0.4659879135,0.,0.2142472841,315,1,2944.59818,1.769916532,0.7259454067,0.,9.60542336e-002,
178,220,1,2944.696422,1.369162639,-0.4877064885,0.,0.1203839688,315,1,2944.698941,1.722426114,0.728151475,0.,0.1025236512,
179,220,1,2944.797184,1.436897198,-0.5172266661,0.,0.1821736615,315,1,2944.799703,1.660958381,0.7000560596,0.,0.1337619411,
180,220,1,2944.897946,1.450763794,-0.5844117787,0.,0.1151548908,315,1,2944.900465,1.634448575,0.7396476723,0.,0.2582225744,
181,220,1,2944.998707,1.477996679,-0.5777105722,0.,0.2353869986,315,1,2945.001226,1.580471244,0.6987602463,0.,0.1075360204,
182,220,1,2945.099469,1.510198616,-0.6292217881,0.,0.1954794524,315,1,2945.101988,1.548300918,0.6734434744,0.,0.11376923,
183,220,1,2945.20023,1.529364353,-0.5852989076,0.,0.3145925482,315,1,2945.202749,1.506405646,0.651285761,0.,0.125751112,
184,220,1,2945.300992,1.54311598,-0.5678095442,0.,0.1795335218,315,1,2945.303511,1.493361768,0.6301224048,0.,8.277844518e-002,
185,220,1,2945.401754,1.523467003,-0.5696793954,0.,0.3238725191,315,1,2945.404273,1.471646227,0.6008826285,0.,9.930649472e-002,
186,220,1,2945.502515,1.532008643,-0.546454194,0.,0.3166655054,315,1,2945.505034,1.441399083,0.5915289604,0.,8.768936933e-002,
187,220,1,2945.603277,1.539261697,-0.5342942389,0.,0.3167822415,315,1,2945.605796,1.447478425,0.5779135197,0.,6.769530416e-002,
188,220,1,2945.704038,1.541106048,-0.551354237,0.,0.2662757019,315,1,2945.706557,1.4333311,0.5621238759,0.,0.1236176922,
189,220,1,2945.8048,1.533571498,-0.5855064283,0.,0.2546442188,315,1,2945.807319,1.44230923,0.5700054916,0.,6.434092741e-002,
190,220,1,2945.905562,1.544645155,-0.5917284728,0.,0.2438568265,315,1,2945.908081,1.431617936,0.5521195497,0.,0.1050785628,
191,220,1,2946.006323,1.534185222,-0.5833192649,0.,0.2837502616,315,1,2946.008842,1.432904257,0.5425995296,0.,6.862121262e-002,
192,220,1,2946.107085,1.530307731,-0.5673994613,0.,0.3138218664,315,1,2946.109604,1.436301227,0.5411022821,0.,9.669972683e-002,
193,220,1,2946.207846,1.524489443,-0.5246694492,0.,0.3396174268,315,1,2946.210365,1.436910559,0.5490070003,0.,0.1304127553,
194,220,1,2946.308608,1.525167758,-0.5279320577,0.,0.3020372413,315,1,2946.311127,1.44880051,0.5346967661,0.,7.487415211e-002,
195,220,1,2946.40937,1.516544922,-0.508056418,0.,0.3020538714,315,1,2946.411889,1.459469836,0.5603044618,0.,0.1090609377,
196,220,1,2946.510131,1.515081042,-0.4998218683,0.,0.2843063522,315,1,2946.51265,1.45302966,0.5549834125,0.,7.980951434e-002,
197,220,1,2946.610893,1.522795121,-0.4863046693,0.,0.3138095757,315,1,2946.613412,1.436630723,0.5652004531,0.,9.924875929e-002,
198,220,1,2946.711654,1.525225089,-0.4921390911,0.,0.2909280113,315,1,2946.714173,1.442059318,0.5735170436,0.,7.360211499e-002,
199,220,1,2946.812416,1.523298217,-0.4810133243,0.,0.3322087771,315,1,2946.814935,1.462494637,0.5693385057,0.,0.1360682528,
200,220,1,2946.913178,1.520419278,-0.4650167068,0.,0.3200307403,315,1,2946.915697,1.464266226,0.5818069174,0.,0.1141299689,
201,220,1,2947.013939,1.51691602,-0.4653481237,0.,0.3291139859,315,1,2947.016458,1.474100225,0.5693102493,0.,0.1037461687,
202,220,1,2947.114701,1.5197618,-0.4626166297,0.,0.2988505594,315,1,2947.11722,1.473342691,0.5679061856,0.,5.441712955e-002,
203,220,1,2947.215462,1.517069928,-0.4680279179,0.,0.3329820169,315,1,2947.217981,1.472541488,0.5572618674,0.,0.106176434,
204,220,1,2947.316224,1.50750813,-0.4543366088,0.,0.4054889723,315,1,2947.318743,1.462226675,0.5403600623,0.,6.125554571e-002,
205,220,1,2947.416986,1.51036424,-0.4676916352,0.,0.3931231724,315,1,2947.419505,1.457483927,0.5459634858,0.,0.1176022019,
206,220,1,2947.517747,1.503021719,-0.4815046032,0.,0.3709048663,315,1,2947.520266,1.461179523,0.5320580727,0.,7.33351439e-002,
207,220,1,2947.618509,1.508998881,-0.556550678,0.,0.2337523484,315,1,2947.621028,1.464373208,0.5365483265,0.,0.1148766825,
208,220,1,2947.71927,1.520746992,-0.5027509411,0.,0.3816337831,315,1,2947.721789,1.469268389,0.5251109203,0.,5.462224914e-002,
209,220,1,2947.820032,1.521024022,-0.471527783,0.,0.3105418245,315,1,2947.822551,1.474866565,0.5522169309,0.,8.568187928e-002,
210,220,1,2947.920794,1.544912942,-0.4738496959,0.,0.315174264,315,1,2947.923313,1.477123535,0.5456547078,0.,0.1061851393,
211,220,1,2948.021555,1.54723576,-0.4741798858,0.,0.2923700898,315,1,2948.024074,1.468802096,0.5561069038,0.,0.1104977227,
212,220,1,2948.122317,1.557426484,-0.4813006178,0.,0.2801073381,315,1,2948.124836,1.544240088,0.5392545847,0.,0.333968563,
213,220,1,2948.223078,1.570855119,-0.4933185872,0.,0.2667650686,315,1,2948.225597,1.524491586,0.5633121353,0.,9.823825052e-002,
214,220,1,2948.32384,1.575076771,-0.498659203,0.,0.2429863103,315,1,2948.326359,1.503970248,0.5838084698,0.,8.93108871e-002,
215,220,1,2948.424602,1.573469972,-0.4989805129,0.,0.2673567981,315,1,2948.427121,1.497341125,0.5972494432,0.,0.106024487,
216,220,1,2948.525363,1.570261211,-0.4984863266,0.,0.303126952,315,1,2948.527882,1.488740765,0.5809652542,0.,9.244494047e-002,
217,220,1,2948.626125,1.568281537,-0.4985319046,0.,0.3156279403,315,1,2948.628644,1.490952363,0.5852915385,0.,0.1108639285,
218,220,1,2948.726886,1.579766751,-0.5133293347,0.,0.3316059939,315,1,2948.729405,1.491038736,0.5748769374,0.,8.85700617e-002,
219,220,1,2948.827648,1.575709713,-0.5077559926,0.,0.3381502274,315,1,2948.830167,1.482823591,0.5719996637,0.,8.671698218e-002,
220,220,1,2948.92841,1.580780865,-0.5009725168,0.,0.3632066841,315,1,2948.930929,1.486934974,0.5622043574,0.,8.558145869e-002,
221,220,1,2949.029171,1.580914079,-0.518557585,0.,0.2664093672,315,1,2949.03169,1.495325517,0.5480195939,0.,0.1211821979,
222,220,1,2949.129933,1.585189009,-0.5096739427,0.,0.2509301307,315,1,2949.132452,1.500945967,0.5476433244,0.,8.164954573e-002,
223,220,1,2949.230694,1.580544729,-0.4875976897,0.,0.2697717191,315,1,2949.233213,1.501269896,0.5412439832,0.,7.794982488e-002,
224,220,1,2949.331456,1.57974765,-0.4985519539,0.,0.2427755012,315,1,2949.333975,1.501375763,0.5282355386,0.,0.1045740372,
225,220,1,2949.432218,1.561021843,-0.4869443,0.,0.2137653671,315,1,2949.434737,1.495966696,0.5328708543,0.,8.881893577e-002,
226,220,1,2949.532979,1.546171759,-0.500310498,0.,0.2450144953,315,1,2949.535498,1.492342565,0.524261742,0.,0.1334581053,
227,220,1,2949.633741,1.53476986,-0.4814680538,0.,0.2540424584,315,1,2949.63626,1.49352063,0.524682276,0.,0.112713888,
228,220,1,2949.734502,1.525663366,-0.4561893565,0.,0.3317668093,315,1,2949.737021,1.512244302,0.5260848133,0.,0.1009224886,
229,220,1,2949.835264,1.557547462,-0.5085014408,0.,0.1150769885,315,1,2949.837783,1.521182548,0.5483989891,0.,0.1053456994,
230,220,1,2949.936026,1.557436285,-0.500716376,0.,0.1372214903,315,1,2949.938545,1.542639564,0.5796957168,0.,8.972516266e-002,
231,220,1,2950.036787,1.545839601,-0.5257673373,0.,0.1442048432,315,1,2950.039306,1.568608863,0.6393159461,0.,0.1863445075,
232,220,1,2950.137549,1.537566927,-0.5431597802,0.,0.1912921312,315,1,2950.140068,1.585383528,0.6322042334,0.,0.1428958099,
233,220,1,2950.23831,1.503446618,-0.5296242095,0.,0.1906936963,315,1,2950.240829,1.608307117,0.6520904422,0.,0.1010360609,
234,220,1,2950.339072,1.470816353,-0.5066432921,0.,0.1267595877,315,1,2950.341591,1.667371222,0.6501195434,0.,7.955972421e-002,
235,220,1,2950.439834,1.42849927,-0.5412410907,0.,0.1063915095,315,1,2950.442353,1.67788461,0.7135158494,0.,0.2927881986,
236,220,1,2950.540595,1.400449525,-0.4747732101,0.,0.1899109419,315,1,2950.543114,1.715107987,0.7005933943,0.,9.57524741e-002,
237,220,1,2950.641357,1.349935206,-0.4392429174,0.,0.1033136583,315,1,2950.643876,1.77670855,0.6763662693,0.,0.1563776292,
238,220,1,2950.742118,1.333822097,-0.3797805879,0.,0.1430574366,315,1,2950.744637,1.83942586,0.6578429517,0.,4.730028871e-002,
239,220,1,2950.84288,1.302022262,-0.3245623815,0.,0.1583565444,315,1,2950.845399,1.89592047,0.6676702775,0.,0.1479726551,
240,220,1,2950.943642,1.341435314,-0.2726350289,0.,0.3629705917,315,1,2950.946161,1.989634353,0.6726675256,0.,0.1925277447,
241,220,1,2951.044403,1.278478809,-0.2061826023,0.,0.2046845588,315,1,2951.046922,2.047804042,0.6306067463,0.,0.1017264953,
242,220,1,2951.145165,1.230214899,-0.1477274887,0.,0.1654728556,315,1,2951.147684,2.106738092,0.5943960621,0.,0.2376536563,
243,220,1,2951.245926,1.213794365,-6.723109061e-002,0.,0.1663791616,315,1,2951.248445,2.166123154,0.5555391333,0.,0.1539028441,
244,220,1,2951.346688,1.218353764,-1.917086915e-002,0.,0.1484555834,315,1,2951.349207,2.250384796,0.5253712746,0.,0.1803087478,
245,220,1,2951.44745,1.202212918,2.649231665e-002,0.,0.1334081147,315,1,2951.449969,2.307245886,0.463170467,0.,0.1382462965,
246,220,1,2951.548211,1.199109661,9.671631669e-002,0.,0.1116906683,315,1,2951.55073,2.344896992,0.4478839789,0.,9.831593207e-002,
247,220,1,2951.648973,1.215342626,0.1186080363,0.,0.1145671734,315,1,2951.651492,2.385743163,0.4212587667,0.,0.1591359388,
248,220,1,2951.749734,1.236230024,0.1617163518,0.,0.1095065886,315,1,2951.752253,2.42751665,0.3631909964,0.,0.1286855484,
249,220,1,2951.850496,1.243281253,0.228858253,0.,0.1760079233,315,1,2951.853015,2.497890687,0.3243938707,0.,0.1669567534,
250,220,1,2951.951258,1.320444683,0.2575057451,0.,0.2085530561,315,1,2951.953777,2.527707108,0.3015232852,0.,0.1318759231,
251,220,1,2952.052019,1.341132331,0.3369378752,0.,0.3592895032,315,1,2952.054538,2.529503043,0.2637241144,0.,0.1245431978,
252,220,1,2952.152801,1.31331799,0.3395543476,0.,0.1898853309,315,1,2952.15532,2.528571597,0.2350872524,0.,0.1468501269,
253,220,1,2952.253542,1.272967487,0.340452654,0.,0.2829762435,315,1,2952.256061,2.521280075,0.2224644664,0.,0.1595849965,
254,220,1,2952.354304,1.279423634,0.3753951577,0.,0.3293615869,315,1,2952.356823,2.492707532,0.1800755736,0.,0.1171520369,
255,220,1,2952.455066,1.268519366,0.4234092974,0.,0.374448487,315,1,2952.457585,2.4882427,0.1612691637,0.,6.963286359e-002,
0,220,1,2952.555827,1.283823694,0.3948208933,0.,0.2418749744,315,1,2952.558346,2.489892555,0.1524246276,0.,9.8574534e-002,
1,220,1,2952.656589,1.276232557,0.3868501945,0.,0.2752127462,315,1,2952.659108,2.484285638,0.1406355218,0.,0.1023966609,
2,220,1,2952.75735,1.280382599,0.3578384453,0.,0.1699161325,315,1,2952.759869,2.483407555,0.1421494761,0.,8.723978036e-002,
3,220,1,2952.858112,1.261391428,0.3649914142,0.,0.2414600185,315,1,2952.860631,2.482866433,0.1433925165,0.,7.59898671e-002,
4,220,1,2952.958874,1.230211664,0.367913013,0.,0.2613625962,315,1,2952.961393,2.490509252,0.1495438848,0.,9.222924878e-002,
5,220,1,2953.059635,1.241975988,0.3669257189,0.,0.2189542601,315,1,2953.062154,2.48615573,0.1633068356,0.,0.1246856218,
6,220,1,2953.160397,1.263837448,0.3209369425,0.,0.1539921523,315,1,2953.162916,2.480392618,0.1767979142,0.,0.1230352171,
7,220,1,2953.261158,1.303367536,0.2875713062,0.,0.1558583638,315,1,2953.263677,2.493737147,0.178692354,0.,7.999818348e-002,
8,220,1,2953.36192,1.320612103,0.2747165655,0.,0.1687572835,315,1,2953.364439,2.484318634,0.1754928205,0.,0.1072616845,
9,220,1,2953.462682,1.297754622,0.270543214,0.,0.1480817547,315,1,2953.465201,2.476255156,0.1699764975,0.,0.1217624657,
10,220,1,2953.563443,1.263547131,0.3386115348,0.,0.4223241249,315,1,2953.565962,2.469786946,0.1476687476,0.,0.1344931397,
11,220,1,2953.664205,1.285827159,0.3036338348,0.,0.1854412774,315,1,2953.666724,2.47471599,0.161065748,0.,0.1195214122,
12,220,1,2953.764966,1.285744913,0.2949061866,0.,0.1315833058,315,1,2953.767485,2.468087057,0.176686532,0.,9.301545198e-002,
13,220,1,2953.865728,1.297728736,0.2896053303,0.,0.1513507497,315,1,2953.868247,2.464668008,0.1760430288,0.,0.1243947723,
14,220,1,2953.96649,1.329473428,0.2632331216,0.,0.1559419199,315,1,2953.969009,2.448298697,0.1776379601,0.,8.117465988e-002,
15,220,1,2954.067251,1.320880569,0.2630092245,0.,0.1479379064,315,1,2954.06977,2.441881211,0.2184356453,0.,0.2169827592,
16,220,1,2954.168013,1.351185466,0.2525749503,0.,0.1572303196,315,1,2954.170532,2.436875496,0.2120287068,0.,0.1051386161,
17,220,1,2954.268774,1.360160242,0.2475386888,0.,0.113973615,315,1,2954.271293,2.413023398,0.2007139271,0.,0.1256285613,
18,220,1,2954.369536,1.363541703,0.236264904,0.,8.442911163e-002,315,1,2954.372055,2.412962996,0.1799412721,0.,0.1155743174,
19,220,1,2954.470298,1.368034434,0.2782553463,0.,0.1571220309,315,1,2954.472817,2.412055334,0.1760192963,0.,0.1161780396,
20,220,1,2954.571059,1.392875567,0.3030618983,0.,0.2060858759,315,1,2954.573578,2.427994219,0.1779306225,0.,9.769439551e-002,
21,220,1,2954.671821,1.364864779,0.3030796146,0.,0.1820579691,315,1,2954.67434,2.401537069,0.1828478404,0.,0.1382229732,
22,220,1,2954.772582,1.352010634,0.3208397514,0.,0.2387679866,315,1,2954.775101,2.434050972,0.1811805481,0.,9.351515571e-002,
23,220,1,2954.873344,1.358135289,0.3600300156,0.,0.1270723695,315,1,2954.875863,2.445818143,0.1387289946,0.,8.310101221e-002,
24,220,1,2954.974106,1.336450468,0.4014054537,0.,0.1365706354,315,1,2954.976625,2.451090582,0.1093082384,0.,9.828908259e-002,
25,220,1,2955.074867,1.341748356,0.4314459338,0.,0.1190483506,315,1,2955.077386,2.435447986,5.144857366e-002,0.,0.1080548091,
26,220,1,2955.175629,1.342819232,0.502772231,0.,0.2232238351,315,1,2955.178148,2.430825193,-1.26974231e-002,0.,0.1014217472,
27,220,1,2955.27639,1.340242622,0.5314855767,0.,0.1139380166,315,1,2955.278909,2.413426595,-5.93136863e-002,0.,0.1286284744,
28,220,1,2955.377152,1.389032635,0.5441538379,0.,0.1578004091,315,1,2955.379671,2.39484174,-0.1285455269,0.,8.656839602e-002,
29,220,1,2955.477914,1.463933529,0.5440240891,0.,0.1140642172,315,1,2955.480433,2.361448396,-0.1944290906,0.,8.7095909e-002,
30,220,1,2955.578675,1.521440444,0.5630639834,0.,0.1242262881,315,1,2955.581194,2.394581229,-0.2530131785,0.,0.2085183756,
31,220,1,2955.679437,1.53561116,0.6093814305,0.,0.1578238735,315,1,2955.681956,2.36359278,-0.2916771049,0.,0.1125429704,
32,220,1,2955.780198,1.57323613,0.6203253036,0.,0.1153058553,315,1,2955.782717,2.330695003,-0.2958270541,0.,0.1174203622,
33,220,1,2955.88096,1.630354575,0.6220281737,0.,9.278154364e-002,315,1,2955.883479,2.287805045,-0.3629064054,0.,7.020339886e-002,
34,220,1,2955.981722,1.689565829,0.6391611592,0.,0.1014628044,315,1,2955.984241,2.247072185,-0.3964945523,0.,0.1441133915,
35,220,1,2956.082483,1.732399524,0.6539004405,0.,0.194136007,315,1,2956.085002,2.207575018,-0.4316187445,0.,0.1449898244,
36,220,1,2956.183245,1.789345834,0.6921099074,0.,0.1742384138,315,1,2956.185764,2.157058506,-0.4653991758,0.,0.1678033091,
37,220,1,2956.284006,1.818611505,0.6800837884,0.,9.723446761e-002,315,1,2956.286525,2.100148189,-0.5024313009,0.,0.1078702993,
38,220,1,2956.384768,1.86585445,0.6762883874,0.,0.1821142099,315,1,2956.387287,2.045087215,-0.5219721063,0.,0.1385722129,
39,220,1,2956.48553,1.88981998,0.6815559744,0.,0.1742399214,315,1,2956.488049,1.999120611,-0.5140341554,0.,0.1416733371,
40,220,1,2956.586291,1.8983853,0.6585493004,0.,0.1720508671,315,1,2956.58881,2.001495515,-0.4885873895,0.,0.1912939101,
41,220,1,2956.687053,1.93102949,0.6571998404,0.,0.1986907659,315,1,2956.689572,1.980114321,-0.4858987185,0.,0.1371415173,
42,220,1,2956.787814,1.949375656,0.6653317405,0.,0.1625009773,315,1,2956.790333,1.958923636,-0.5109849962,0.,0.1792295056,
43,220,1,2956.888576,1.952679801,0.6629674326,0.,0.2373922651,315,1,2956.891095,1.944591845,-0.5538532623,0.,0.1582452794,
44,220,1,2956.989338,1.975287102,0.6784250137,0.,0.1916966016,315,1,2956.991857,1.951825848,-0.58223924,0.,0.1584584551,
45,220,1,2957.090099,1.971377893,0.6753160348,0.,0.2018566608,315,1,2957.092618,1.935852621,-0.5956378543,0.,0.1999715409,
46,220,1,2957.190861,1.965747181,0.6827740239,0.,0.2110627374,315,1,2957.19338,1.941866992,-0.6070816054,0.,0.1435213827,
47,220,1,2957.291622,1.976682072,0.6957406994,0.,0.1707425745,315,1,2957.294141,1.948091765,-0.6006705389,0.,0.1873409674,
48,220,1,2957.392384,1.984430162,0.6948776866,0.,0.1903159143,315,1,2957.394903,1.950777249,-0.5944387795,0.,0.1287176489,
49,220,1,2957.493146,1.990838358,0.6996029207,0.,0.1816995321,315,1,2957.495665,1.948364234,-0.5814135955,0.,0.1920425017,
50,220,1,2957.593907,1.980118579,0.7090048365,0.,0.1871675578,315,1,2957.596426,1.946320007,-0.5913216049,0.,0.1486314987,
51,220,1,2957.694669,1.990030766,0.7301727135,0.,0.2141020209,315,1,2957.697188,1.929323717,-0.5928713246,0.,0.1576517675,
52,220,1,2957.79543,1.990797108,0.716392866,0.,0.1783030977,315,1,2957.797949,1.941790086,-0.5944930833,0.,0.1589559842,
53,220,1,2957.896192,1.977163548,0.7076568796,0.,0.1979392095,315,1,2957.898711,1.936549238,-0.5610279782,0.,0.1766983064,
54,220,1,2957.996954,1.97225114,0.7067546095,0.,0.1780900748,315,1,2957.999473,1.943170585,-0.5678160262,0.,0.1925851452,
55,220,1,2958.097715,1.961731503,0.714639672,0.,0.1788964436,315,1,2958.100234,1.945433277,-0.5554640851,0.,0.1886513453,
56,220,1,2958.198477,1.971123413,0.7091022363,0.,0.1704158803,315,1,2958.200996,1.955655195,-0.5415244683,0.,0.1951400993,
57,220,1,2958.299238,1.969562542,0.6840284004,0.,0.2045393513,315,1,2958.301757,1.966146349,-0.5323545476,0.,0.1974599562,
58,220,1,2958.4,1.976843385,0.6846490221,0.,0.1864331495,315,1,2958.402519,1.982182828,-0.5303939381,0.,0.2049635825,
59,220,1,2958.500762,1.970968145,0.6730527594,0.,0.1790784452,315,1,2958.503281,1.984399415,-0.5092370374,0.,0.1927751298,
60,220,1,2958.601523,1.962914587,0.6735295818,0.,0.1970516975,315,1,2958.604042,1.977927579,-0.5294792055,0.,0.1730481732,
61,220,1,2958.702285,1.956755884,0.6797260295,0.,0.190160885,315,1,2958.704804,1.977040022,-0.5405797629,0.,0.1477894797,
62,220,1,2958.803046,1.936041192,0.6925367722,0.,0.2337415605,315,1,2958.805565,1.960551886,-0.5372815386,0.,0.190197606,
63,220,1,2958.903808,1.936683448,0.6717692178,0.,0.2405048989,315,1,2958.906327,1.96843671,-0.5369013819,0.,0.1712862775,
64,220,1,2959.00457,1.936544423,0.6753063909,0.,0.1845412125,315,1,2959.007089,1.97290256,-0.5224419351,0.,0.1731432359,
65,220,1,2959.105331,1.962371625,0.6394061873,0.,8.37683139e-002,315,1,2959.10785,1.973510416,-0.5383097212,0.,0.2076962868,
66,220,1,2959.206093,1.948839946,0.6099077833,0.,0.1349489951,315,1,2959.208612,1.96184539,-0.5559360074,0.,0.1890474811,
67,220,1,2959.306854,1.96887309,0.5421449768,0.,0.1509969479,315,1,2959.309373,1.956091765,-0.5747786104,0.,0.1426338698,
68,220,1,2959.407616,2.005145035,0.5646897866,0.,0.2024479294,315,1,2959.410135,1.92403454,-0.5940180124,0.,0.1699816922,
69,220,1,2959.508378,2.059898372,0.5380407358,0.,0.1990576585,315,1,2959.510897,1.879728091,-0.6051985602,0.,0.1368126176,
70,220,1,2959.609139,2.106543465,0.4719504605,0.,0.1441474123,315,1,2959.611658,1.856284599,-0.6072004935,0.,0.1383499054,
71,220,1,2959.709901,2.14805222,0.4159731965,0.,6.644205947e-002,315,1,2959.71242,1.811783898,-0.6227991822,0.,8.849888466e-002,
72,220,1,2959.810662,2.235242572,0.3751194439,0.,0.1398781779,315,1,2959.813181,1.7292349,-0.6090737697,0.,0.1244067659,
73,220,1,2959.911424,2.269899642,0.3763004524,0.,0.1269289944,315,1,2959.913943,1.671627102,-0.6019639499,0.,9.421825718e-002,
74,220,1,2960.012186,2.322622502,0.3308401587,0.,0.2994982096,315,1,2960.014705,1.602403237,-0.5863448662,0.,0.1181148352,
75,220,1,2960.112947,2.308914793,0.2664049458,0.,0.1292517881,315,1,2960.115466,1.529202247,-0.5441306402,0.,0.2171787255,
76,220,1,2960.213709,2.277764121,0.1597254787,0.,0.2141125614,315,1,2960.216228,1.448999492,-0.5450326258,0.,0.1724469439,
77,220,1,2960.31447,2.302091489,9.425895288e-002,0.,4.917406291e-002,315,1,2960.316989,1.394388773,-0.5230705391,0.,9.629408243e-002,
78,220,1,2960.415232,2.283755898,4.857883353e-002,0.,0.1756548998,315,1,2960.417751,1.302400883,-0.5259420034,0.,0.1818898669,
79,220,1,2960.515994,2.30579774,-4.94482052e-002,0.,0.1851648137,315,1,2960.518513,1.246429201,-0.47218267,0.,0.1389356734,
80,220,1,2960.616755,2.325718598,-9.093247123e-002,0.,0.1277993005,315,1,2960.619274,1.188105053,-0.4582797156,0.,8.661264108e-002,
81,220,1,2960.717537,2.370399772,-0.1833210092,0.,0.3114270248,315,1,2960.720056,1.146985957,-0.412061435,0.,0.1155931881,
82,220,1,2960.818278,2.344357518,-0.2375989793,0.,7.664479966e-002,315,1,2960.820797,1.091088757,-0.4354227586,0.,0.233612583,
83,220,1,2960.91904,2.309313715,-0.2601722333,0.,0.1087244107,315,1,2960.921559,1.063827169,-0.3737637718,0.,0.1207552766,
84,220,1,2961.019802,2.267609686,-0.2852364444,0.,0.1211328796,315,1,2961.022321,1.051504933,-0.3511848871,0.,0.105498642,
85,220,1,2961.120563,2.270520533,-0.291437168,0.,0.1679685221,315,1,2961.123082,1.025930676,-0.3298555258,0.,0.1839858223,
86,220,1,2961.221325,2.285112011,-0.29893485,0.,0.1735297679,315,1,2961.223844,1.029539244,-0.3018019689,0.,0.101414169,
87,220,1,2961.322086,2.314164414,-0.3234948523,0.,0.1709276896,315,1,2961.324605,1.01922891,-0.3045790025,0.,9.711429809e-002,
88,220,1,2961.422848,2.262073573,-0.3358870729,0.,0.1279570681,315,1,2961.425367,1.018563277,-0.3069171194,0.,8.931633286e-002,
89,220,1,2961.52361,2.270769236,-0.3320355226,0.,0.114627661,315,1,2961.526129,1.012138179,-0.291323002,0.,9.582521669e-002,
90,220,1,2961.624371,2.228484067,-0.3427563766,0.,0.123631768,315,1,2961.62689,1.017681761,-0.2897258746,0.,0.1022694898,
91,220,1,2961.725133,2.219029401,-0.3427696771,0.,0.1618333162,315,1,2961.727652,1.008481827,-0.2866559699,0.,6.13141656e-002,
92,220,1,2961.825894,2.213980883,-0.3381835439,0.,0.1244496485,315,1,2961.828413,1.003713888,-0.2789918794,0.,5.513498404e-002,
93,220,1,2961.926656,2.218983587,-0.3318979258,0.,0.1078702991,315,1,2961.929175,0.9901604959,-0.2897039448,0.,5.463983749e-002,
94,220,1,2962.027418,2.182947494,-0.3351589098,0.,0.1160909695,315,1,2962.029937,0.9958900141,-0.2799853814,0.,6.942601011e-002,
95,220,1,2962.128179,2.203784884,-0.3205471075,0.,0.1204274519,315,1,2962.130698,1.009068548,-0.2675729739,0.,0.10315034,
96,220,1,2962.228941,2.188499276,-0.3145713665,0.,0.1449954879,315,1,2962.23146,1.0158709,-0.2530559911,0.,9.109350484e-002,
97,220,1,2962.329702,2.203054586,-0.314329721,0.,0.1527683868,315,1,2962.332221,1.010735409,-0.2658248406,0.,9.737170642e-002,
98,220,1,2962.430464,2.22118589,-0.3143432041,0.,0.1328829055,315,1,2962.432983,1.008483985,-0.2743403044,0.,0.1139050896,
99,220,1,2962.531226,2.144102385,-0.3226098435,0.,0.2580028063,315,1,2962.533745,1.003884646,-0.266064073,0.,7.99084972e-002,
100,220,1,2962.631987,2.15345573,-0.3266789983,0.,0.1056669407,315,1,2962.634506,1.028454142,-0.262861967,0.,9.744882859e-002,
101,220,1,2962.732749,2.17254749,-0.3295663249,0.,0.1826860808,315,1,2962.735268,1.027665378,-0.2609438992,0.,8.702405374e-002,
102,220,1,2962.83351,2.209005534,-0.3165244723,0.,0.1643569795,315,1,2962.836029,1.042525613,-0.2601599162,0.,0.1054782988,
103,220,1,2962.934272,2.221367709,-0.3237968888,0.,0.1467818202,315,1,2962.936791,1.032766108,-0.2676523252,0.,7.921270845e-002,
104,220,1,2963.035034,2.225587576,-0.3162693028,0.,0.1718392347,315,1,2963.037553,1.032831778,-0.2591676748,0.,7.876056276e-002,
105,220,1,2963.135795,2.220768332,-0.3142175443,0.,0.1458988674,315,1,2963.138314,1.036433471,-0.2795936066,0.,0.1116525847,
106,220,1,2963.236557,2.223694683,-0.3119104554,0.,0.1854297197,315,1,2963.239076,1.037373766,-0.28471359,0.,9.149270373e-002,
107,220,1,2963.337318,2.199798875,-0.308037905,0.,0.1065752725,315,1,2963.339837,1.042039577,-0.2954952058,0.,4.870376335e-002,
108,220,1,2963.43808,2.192611167,-0.3067866364,0.,0.1156509185,315,1,2963.440599,1.044374622,-0.2798838447,0.,0.1052070745,
109,220,1,2963.538842,2.211341664,-0.313991405,0.,0.151513511,315,1,2963.541361,1.043171505,-0.2915414739,0.,8.926755819e-002,
110,220,1,2963.639603,2.225342525,-0.3247319106,0.,0.1715792451,315,1,2963.642122,1.050577102,-0.2813505634,0.,0.1195162394,
111,220,1,2963.740365,2.2431399,-0.302858246,0.,0.2199819336,315,1,2963.742884,1.04732069,-0.2949598815,0.,6.293089298e-002,
112,220,1,2963.841126,2.256892841,-0.2990971472,0.,0.1946885723,315,1,2963.843645,1.031983268,-0.2949358187,0.,0.1004675869,
113,220,1,2963.941888,2.253666564,-0.2783243488,0.,0.1381757521,315,1,2963.944407,1.031613752,-0.2814847085,0.,4.666732774e-002,
114,220,1,2964.04265,2.223878406,-0.2932101178,0.,6.510096209e-002,315,1,2964.045169,1.053604912,-0.2773126318,0.,9.009879353e-002,
115,220,1,2964.143411,2.18468663,-0.3103493725,0.,9.099504891e-002,315,1,2964.14593,1.057306254,-0.2053364035,0.,0.2209927183,
116,220,1,2964.244173,2.184248497,-0.2988908939,0.,8.932499231e-002,315,1,2964.246692,1.050779409,-0.1522552013,0.,0.1841774689,
117,220,1,2964.344934,2.16925907,-0.3086518702,0.,0.1333365939,315,1,2964.347453,0.9934542154,-0.1436014713,0.,0.2403636654,
118,220,1,2964.445696,2.119566162,-0.3449342906,0.,0.1609034327,315,1,2964.448215,0.9693433521,-9.906639084e-002,0.,0.1421248389,
119,220,1,2964.546458,2.061178085,-0.3884574255,0.,0.1522089625,315,1,2964.548977,0.9863218013,-4.179892308e-002,0.,0.1951434153,
120,220,1,2964.647219,2.016348307,-0.4371988591,0.,0.1853931983,315,1,2964.649738,0.9840110022,1.891323975e-002,0.,0.1332284917,
121,220,1,2964.747981,1.994545318,-0.4467991086,0.,0.1372946553,315,1,2964.7505,0.9621352307,9.511754065e-002,0.,0.1048206242,
122,220,1,2964.848742,1.957194622,-0.5012326312,0.,0.184780536,315,1,2964.851261,0.9691525586,0.1577909893,0.,0.1566502204,
123,220,1,2964.949504,1.904240103,-0.5409956149,0.,0.161845674,315,1,2964.952023,0.9953779122,0.2124169185,0.,0.1142504591,
124,220,1,2965.050266,1.879825624,-0.5349434752,0.,0.2062327361,315,1,2965.052785,1.010033214,0.2619275167,0.,0.1480757125,
125,220,1,2965.151027,1.806585061,-0.5297639542,0.,0.1124490099,315,1,2965.153546,1.054597046,0.3256465722,0.,0.105374349,
126,220,1,2965.251789,1.758708025,-0.571167952,0.,8.09014526e-002,315,1,2965.254308,1.092831676,0.3815076037,0.,0.1347409703,
127,220,1,2965.35255,1.691440674,-0.5732543522,0.,0.1680169696,315,1,2965.355069,1.090685253,0.4870061717,0.,0.2272247299,
128,220,1,2965.453312,1.640671887,-0.5841533027,0.,0.1261081542,315,1,2965.455831,1.167266046,0.5280582295,0.,0.2347855098,
129,220,1,2965.554074,1.588384472,-0.6289909744,0.,4.259137018e-002,315,1,2965.556593,1.210217046,0.5326433404,0.,9.61782393e-002,
130,220,1,2965.654835,1.531694272,-0.6433397833,0.,0.1645036161,315,1,2965.657354,1.248568739,0.5675757186,0.,0.1268871057,
131,220,1,2965.755597,1.50551389,-0.630564564,0.,0.1794131498,315,1,2965.758116,1.282913877,0.5826519996,0.,7.639080064e-002,
132,220,1,2965.856358,1.495413172,-0.5317847883,0.,0.2041739741,315,1,2965.858877,1.307341716,0.5904716459,0.,8.408784272e-002,
133,220,1,2965.95712,1.490352787,-0.5032820824,0.,0.1525829874,315,1,2965.959639,1.333526201,0.5994134703,0.,9.202172873e-002,
134,220,1,2966.057882,1.439329675,-0.5491544955,0.,0.1953388249,315,1,2966.060401,1.383916929,0.6199716644,0.,0.1347704445,
135,220,1,2966.158643,1.436913043,-0.544444048,0.,0.1820736475,315,1,2966.161162,1.397337157,0.6487004712,0.,9.2325894e-002,
136,220,1,2966.259405,1.360397291,-0.6102298237,0.,0.4094951462,315,1,2966.261924,1.397834206,0.6464489878,0.,9.453228165e-002,
137,220,1,2966.360166,1.319709498,-0.6213925441,0.,0.3164189865,315,1,2966.362685,1.412666073,0.6812992985,0.,0.2095871689,
138,220,1,2966.460928,1.354770819,-0.5601605452,0.,0.312700431,315,1,2966.463447,1.430350818,0.6742937162,0.,9.97619339e-002,
139,220,1,2966.56169,1.355689489,-0.5809487842,0.,0.2044574768,315,1,2966.564209,1.429653576,0.6892384142,0.,6.726168712e-002,
140,220,1,2966.662451,1.335184391,-0.6930092211,0.,0.2850804686,315,1,2966.66497,1.432067551,0.6952624919,0.,0.1169220389,
141,220,1,2966.763213,1.333431107,-0.7532920327,0.,0.3010883369,315,1,2966.765732,1.412113054,0.6731408514,0.,0.1179085233,
142,220,1,2966.863974,1.344650176,-0.6970386711,0.,0.2272100461,315,1,2966.866493,1.418431881,0.683513069,0.,0.137420611,
143,220,1,2966.964736,1.33954231,-0.6240927857,0.,0.3198293271,315,1,2966.967255,1.419672939,0.6684378401,0.,9.373427637e-002,
144,220,1,2967.065498,1.342719517,-0.6322062999,0.,0.1185900292,315,1,2967.068017,1.436314194,0.645813128,0.,0.1977450022,
145,220,1,2967.166259,1.364450147,-0.6384996135,0.,0.149029661,315,1,2967.168778,1.436036967,0.6585511607,0.,0.1081361125,
146,220,1,2967.267021,1.374120784,-0.6188772395,0.,0.2022904783,315,1,2967.26954,1.434718296,0.6510388361,0.,0.1082162637,
147,220,1,2967.367782,1.354663924,-0.6347983143,0.,0.2057734703,315,1,2967.370301,1.402240507,0.6434619198,0.,0.1225060702,
148,220,1,2967.468544,1.361920338,-0.5521525977,0.,0.3978091251,315,1,2967.471063,1.417880912,0.6359694161,0.,0.1071355883,
149,220,1,2967.569306,1.349034457,-0.6198652127,0.,0.2160210768,315,1,2967.571825,1.426287282,0.6523662231,0.,0.1923677314,
150,220,1,2967.670067,1.367757217,-0.6170025006,0.,0.2617592523,315,1,2967.672586,1.421455759,0.6383963699,0.,4.387603957e-002,
151,220,1,2967.770829,1.373021135,-0.6029642641,0.,0.2499171292,315,1,2967.773348,1.451299146,0.6367209568,0.,0.1650262009,
152,220,1,2967.87159,1.390916952,-0.578953889,0.,0.2526565636,315,1,2967.874109,1.465423051,0.6260892756,0.,0.1321506984,
153,220,1,2967.972352,1.384166789,-0.5930955412,0.,0.1797200602,315,1,2967.974871,1.463003761,0.6250759508,0.,0.1041975627,
154,220,1,2968.073114,1.35793686,-0.5842869445,0.,0.1982665863,315,1,2968.075633,1.437203051,0.6175964343,0.,6.776280049e-002,
155,220,1,2968.173875,1.355177831,-0.612062029,0.,0.1856291029,315,1,2968.176394,1.422203979,0.6166893651,0.,0.1114025876,
156,220,1,2968.274637,1.362430733,-0.5647317127,0.,0.4024952691,315,1,2968.277156,1.410522356,0.6427448059,0.,0.2049864167,
157,220,1,2968.375398,1.37558589,-0.5814202295,0.,0.2297355876,315,1,2968.377917,1.411017902,0.6354995627,0.,0.1080123294,
158,220,1,2968.47616,1.385564935,-0.5928692377,0.,0.2307214074,315,1,2968.478679,1.41008066,0.6325749998,0.,0.1058229094,
159,220,1,2968.576922,1.382111959,-0.5858239436,0.,0.2186630946,315,1,2968.579441,1.411109341,0.6450994732,0.,0.1080330203,
160,220,1,2968.677683,1.392582107,-0.5816285064,0.,0.2559574801,315,1,2968.680202,1.410377315,0.6451320182,0.,0.1638538852,
161,220,1,2968.778445,1.377268777,-0.6194458988,0.,0.164396791,315,1,2968.780964,1.398357054,0.6299589058,0.,8.888586925e-002,
162,220,1,2968.879206,1.378009779,-0.626485894,0.,0.1497287349,315,1,2968.881725,1.394163583,0.6413247395,0.,9.520177569e-002,
163,220,1,2968.979968,1.38768217,-0.6417521747,0.,0.1585232302,315,1,2968.982487,1.402098604,0.6410360729,0.,0.1010080144,
164,220,1,2969.08073,1.394008587,-0.6494747738,0.,0.1480755385,315,1,2969.083249,1.405133518,0.6547816178,0.,0.133541404,
165,220,1,2969.181491,1.388178235,-0.6596692905,0.,0.1396636341,315,1,2969.18401,1.43083084,0.6402536478,0.,0.1513558286,
166,220,1,2969.282273,1.38644721,-0.6641868387,0.,0.1543050735,315,1,2969.284792,1.425646467,0.613200383,0.,8.665005943e-002,
167,220,1,2969.383014,1.388632558,-0.6763567869,0.,0.1546238829,315,1,2969.385533,1.404453224,0.6230010284,0.,0.1267163496,
168,220,1,2969.483776,1.402814431,-0.6669458945,0.,0.153159557,315,1,2969.486295,1.398520488,0.633649059,0.,0.1525355832,
169,220,1,2969.584538,1.39067236,-0.657081575,0.,0.132156314,315,1,2969.587057,1.391931995,0.627166529,0.,9.477760365e-002,
